-- Assumption - Application ID will be 302.
-- only for accesso10:Clementon Park

-- Set these variables as necessary
set @mer1 = '2100';
set @mer2 = '2400';
set @test                     = 'https://stg-shop.accesso.com/supportmanager/SupportManager.swf?c=nsh';
set @supportManagerConfigPath = 'https://stg-shop.accesso.com/supportmanager/configs/nsh.xml';
set @tracker                  = "Clementon Park";
set @park_name                = "Clementon Park";
set @logo                     = "logo_clementon.jpg";

-- Merchant Characs
INSERT INTO merchant_characs VALUES(@mer1, 'logo_name', @logo) ON DUPLICATE KEY UPDATE value = @logo;
INSERT INTO merchant_characs VALUES(@mer2, 'logo_name', @logo) ON DUPLICATE KEY UPDATE value = @logo;

-- Application 
INSERT INTO application VALUES ('302', 'Passport POS', 'Passport POS', 0, 1, 0, 0) ON DUPLICATE KEY UPDATE 
	name='Passport POS',
	description='Passport POS',
	parent_application_id = 0,
	app_is_a_parent = 1,
	dynamic_config_flag = 0,
	dynamic_locale_flag = 0
;

-- Application Settings
INSERT IGNORE INTO application_settings (application_id, NAME, display_order, description) SELECT 302, 'cash_back_drawer_limit', 0, 'Dollar limit for cash back refund' ;
INSERT IGNORE INTO application_settings (application_id, NAME, display_order, description) SELECT 302, 'enable_accounts', 0, 'Enable Account Search' ;
INSERT IGNORE INTO application_settings (application_id, NAME, display_order, description) SELECT 302, 'enable_groups', 0, 'Enable Group Search' ;
INSERT IGNORE INTO application_settings (application_id, NAME, display_order, description) SELECT 302, 'enable_programs', 0, 'Enable Program Search' ;
INSERT IGNORE INTO application_settings (application_id, NAME, display_order, description) SELECT 302, 'enable_support_manager', 0, 'Enable Support Manager' ;

-- Application Navigation Tree  
INSERT INTO application_navigation_tree VALUES ('302', 'en', @mer1, '<TREE/>') ON DUPLICATE KEY UPDATE tree='<TREE/>';

-- Application Config 
INSERT INTO application_config VALUES ('302', 'en', @mer1, 'supportManagerPath',         @supportManagerPath)       ON DUPLICATE KEY UPDATE value=@supportManagerPath;  
INSERT INTO application_config VALUES ('302', 'en', @mer1, 'supportManagerConfigPath',   @supportManagerConfigPath) ON DUPLICATE KEY UPDATE value=@supportManagerConfigPath;
INSERT INTO application_config VALUES ('302', 'en', @mer1, 'tracker',                   '<tracker accessPointId="1" vendorId="1" apId1="1" apName1="@tracker"/>') ON DUPLICATE KEY UPDATE value='<tracker accessPointId="1" vendorId="1" apId1="1" apName1="@tracker"/>';
INSERT INTO application_config VALUES ('302', 'en', @mer1, 'allowAccountReservations',  'false')                    ON DUPLICATE KEY UPDATE value='false';
INSERT INTO application_config VALUES ('302', 'en', @mer1, 'cashin',                    'off') ON DUPLICATE KEY UPDATE value='off';
INSERT INTO application_config VALUES ('302', 'en', @mer1, 'forceCashIn',               'false') ON DUPLICATE KEY UPDATE value='false';
INSERT INTO application_config VALUES ('302', 'en', @mer1, 'forceCashOut',              'false') ON DUPLICATE KEY UPDATE value='false';
INSERT INTO application_config VALUES ('302', 'en', @mer1, 'adminFeeCustomerName',      'Standard') ON DUPLICATE KEY UPDATE value='Standard';
INSERT INTO application_config VALUES ('302', 'en', @mer1, 'adminFeeCustomerType',      '7') ON DUPLICATE KEY UPDATE value='7';
INSERT INTO application_config VALUES ('302', 'en', @mer1, 'adminFeePackageId',         '') ON DUPLICATE KEY UPDATE value='';
INSERT INTO application_config VALUES ('302', 'en', @mer1, 'adminFeePackageName',       'Admin Fee') ON DUPLICATE KEY UPDATE value='Admin Fee';
INSERT INTO application_config VALUES ('302', 'en', @mer1, 'postOrderCharacs',          'false') ON DUPLICATE KEY UPDATE value='false';
INSERT INTO application_config VALUES ('302', 'en', @mer1, 'postOrderCharacsInterval',  '1') ON DUPLICATE KEY UPDATE value='1';
INSERT INTO application_config VALUES ('302', 'en', @mer1, 'prorateCustomerName',       'Standard') ON DUPLICATE KEY UPDATE value='Standard';
INSERT INTO application_config VALUES ('302', 'en', @mer1, 'prorateCustomerType',       '7') ON DUPLICATE KEY UPDATE value='7';
INSERT INTO application_config VALUES ('302', 'en', @mer1, 'proratePackageId',          '') ON DUPLICATE KEY UPDATE value='';
INSERT INTO application_config VALUES ('302', 'en', @mer1, 'proratePackageName',        'Prorated') ON DUPLICATE KEY UPDATE value='Prorated';
INSERT INTO application_config VALUES ('302', 'en', @mer1, 'requireOfflineSupervisor',  'true') ON DUPLICATE KEY UPDATE value='true';
INSERT INTO application_config VALUES ('302', 'en', @mer1, 'useAlvaradoCmd',            'false') ON DUPLICATE KEY UPDATE value='false';
INSERT INTO application_config VALUES ('302', 'en', @mer1, 'validateTickets',           'false') ON DUPLICATE KEY UPDATE value='false';
INSERT INTO application_config VALUES ('302', 'en', @mer1, 'hotkeys',                   '') ON DUPLICATE KEY UPDATE value='';
INSERT INTO application_config VALUES ('302', 'en', @mer1, 'supervisorPassword',        'THEREWILLBECAKE') ON DUPLICATE KEY UPDATE value='THEREWILLBECAKE';
INSERT INTO application_config VALUES ('302', 'en', @mer1, 'sendTicketsToBoca',         'false') ON DUPLICATE KEY UPDATE value='false';
INSERT INTO application_config VALUES ('302', 'en', @mer1, 'cashOutPrint',              'true') ON DUPLICATE KEY UPDATE value='true';
INSERT INTO application_config VALUES ('302', 'en', @mer1, 'useNCRDisplay',             'true') ON DUPLICATE KEY UPDATE value='true';
INSERT INTO application_config VALUES ('302', 'en', @mer1, 'ncrDelay',                  '10') ON DUPLICATE KEY UPDATE value='10';
INSERT INTO application_config VALUES ('302', 'en', @mer1, 'ncrMessage1',               'Welcome to|Clementon Park.') ON DUPLICATE KEY UPDATE value='Welcome to|Clementon Park.';
INSERT INTO application_config VALUES ('302', 'en', @mer1, 'ncrMessage2',               'Ask me about|a Season Pass.') ON DUPLICATE KEY UPDATE value='Ask me about|a Season Pass.';
INSERT INTO application_config VALUES ('302', 'en', @mer1, 'enableTracker',             'false') ON DUPLICATE KEY UPDATE value='false';
INSERT INTO application_config VALUES ('302', 'en', @mer1, 'disableSettlementCustInfo', 'true') ON DUPLICATE KEY UPDATE value='true';
INSERT INTO application_config VALUES ('302', 'en', @mer1, 'disableSettlementAdjustBal', 'true') ON DUPLICATE KEY UPDATE value='true';
INSERT INTO application_config VALUES ('302', 'en', @mer1, 'extendedCashOut',            'false') ON DUPLICATE KEY UPDATE value='false';

INSERT INTO application_config VALUES ('302', 'en', @mer2, 'supportManagerPath',         @supportManagerPath)       ON DUPLICATE KEY UPDATE value=@supportManagerPath;  
INSERT INTO application_config VALUES ('302', 'en', @mer2, 'supportManagerConfigPath',   @supportManagerConfigPath) ON DUPLICATE KEY UPDATE value=@supportManagerConfigPath;
INSERT INTO application_config VALUES ('302', 'en', @mer2, 'tracker',                   '<tracker accessPointId="1" vendorId="1" apId1="1" apName1="@tracker"/>') ON DUPLICATE KEY UPDATE value='<tracker accessPointId="1" vendorId="1" apId1="1" apName1="@tracker"/>';
INSERT INTO application_config VALUES ('302', 'en', @mer2, 'allowAccountReservations',  'false')                    ON DUPLICATE KEY UPDATE value='false';
INSERT INTO application_config VALUES ('302', 'en', @mer2, 'cashin',                    'off') ON DUPLICATE KEY UPDATE value='off';
INSERT INTO application_config VALUES ('302', 'en', @mer2, 'forceCashIn',               'false') ON DUPLICATE KEY UPDATE value='false';
INSERT INTO application_config VALUES ('302', 'en', @mer2, 'forceCashOut',              'false') ON DUPLICATE KEY UPDATE value='false';
INSERT INTO application_config VALUES ('302', 'en', @mer2, 'adminFeeCustomerName',      'Standard') ON DUPLICATE KEY UPDATE value='Standard';
INSERT INTO application_config VALUES ('302', 'en', @mer2, 'adminFeeCustomerType',      '7') ON DUPLICATE KEY UPDATE value='7';
INSERT INTO application_config VALUES ('302', 'en', @mer2, 'adminFeePackageId',         '209') ON DUPLICATE KEY UPDATE value='209';
INSERT INTO application_config VALUES ('302', 'en', @mer2, 'adminFeePackageName',       'Admin Fee') ON DUPLICATE KEY UPDATE value='Admin Fee';
INSERT INTO application_config VALUES ('302', 'en', @mer2, 'postOrderCharacs',          'false') ON DUPLICATE KEY UPDATE value='false';
INSERT INTO application_config VALUES ('302', 'en', @mer2, 'postOrderCharacsInterval',  '1') ON DUPLICATE KEY UPDATE value='1';
INSERT INTO application_config VALUES ('302', 'en', @mer2, 'prorateCustomerName',       'Standard') ON DUPLICATE KEY UPDATE value='Standard';
INSERT INTO application_config VALUES ('302', 'en', @mer2, 'prorateCustomerType',       '7') ON DUPLICATE KEY UPDATE value='7';
INSERT INTO application_config VALUES ('302', 'en', @mer2, 'proratePackageId',          '228') ON DUPLICATE KEY UPDATE value='228';
INSERT INTO application_config VALUES ('302', 'en', @mer2, 'proratePackageName',        'Prorated') ON DUPLICATE KEY UPDATE value='Prorated';
INSERT INTO application_config VALUES ('302', 'en', @mer2, 'requireOfflineSupervisor',  'true') ON DUPLICATE KEY UPDATE value='true';
INSERT INTO application_config VALUES ('302', 'en', @mer2, 'useAlvaradoCmd',            'false') ON DUPLICATE KEY UPDATE value='false';
INSERT INTO application_config VALUES ('302', 'en', @mer2, 'validateTickets',           'false') ON DUPLICATE KEY UPDATE value='false';
INSERT INTO application_config VALUES ('302', 'en', @mer2, 'hotkeys',                   '') ON DUPLICATE KEY UPDATE value='';
INSERT INTO application_config VALUES ('302', 'en', @mer2, 'supervisorPassword',        'THEREWILLBECAKE') ON DUPLICATE KEY UPDATE value='THEREWILLBECAKE';
INSERT INTO application_config VALUES ('302', 'en', @mer2, 'sendTicketsToBoca',         'false') ON DUPLICATE KEY UPDATE value='false';
INSERT INTO application_config VALUES ('302', 'en', @mer2, 'cashOutPrint',              'true') ON DUPLICATE KEY UPDATE value='true';
INSERT INTO application_config VALUES ('302', 'en', @mer2, 'useNCRDisplay',             'true') ON DUPLICATE KEY UPDATE value='true';
INSERT INTO application_config VALUES ('302', 'en', @mer2, 'ncrDelay',                  '10') ON DUPLICATE KEY UPDATE value='10';
INSERT INTO application_config VALUES ('302', 'en', @mer2, 'ncrMessage1',               'Welcome to|Clementon Park.') ON DUPLICATE KEY UPDATE value='Welcome to|Clementon Park.';
INSERT INTO application_config VALUES ('302', 'en', @mer2, 'ncrMessage2',               'Ask me about|a Season Pass.') ON DUPLICATE KEY UPDATE value='Ask me about|a Season Pass.';
INSERT INTO application_config VALUES ('302', 'en', @mer2, 'enableTracker',             'false') ON DUPLICATE KEY UPDATE value='false';
INSERT INTO application_config VALUES ('302', 'en', @mer2, 'disableSettlementCustInfo', 'true') ON DUPLICATE KEY UPDATE value='true';
INSERT INTO application_config VALUES ('302', 'en', @mer2, 'disableSettlementAdjustBal', 'true') ON DUPLICATE KEY UPDATE value='true';
INSERT INTO application_config VALUES ('302', 'en', @mer2, 'extendedCashOut',            'false') ON DUPLICATE KEY UPDATE value='false';

-- Enable/Disable top menu control icons (Moved to application_setting)
-- 
-- INSERT INTO application_config VALUES(302, 'en', @mer1, 'enablePointOfSale', 'true') ON DUPLICATE KEY UPDATE value='true';
-- INSERT INTO application_config VALUES(302, 'en', @mer1, 'enableAccounts', 'true') ON DUPLICATE KEY UPDATE value='true';
-- INSERT INTO application_config VALUES(302, 'en', @mer1, 'enableGroups', 'true') ON DUPLICATE KEY UPDATE value='true';
-- INSERT INTO application_config VALUES(302, 'en', @mer1, 'enablePrograms', 'true') ON DUPLICATE KEY UPDATE value='true';
-- INSERT INTO application_config VALUES(302, 'en', @mer1, 'enableCommandTest', 'true') ON DUPLICATE KEY UPDATE value='true';
-- INSERT INTO application_config VALUES(302, 'en', @mer1, 'enableSupportManager', 'true') ON DUPLICATE KEY UPDATE value='true';
--
-- INSERT INTO application_config VALUES(302, 'en', @mer2, 'enablePointOfSale', 'true') ON DUPLICATE KEY UPDATE value='true';
-- INSERT INTO application_config VALUES(302, 'en', @mer2, 'enableAccounts', 'true') ON DUPLICATE KEY UPDATE value='true';
-- INSERT INTO application_config VALUES(302, 'en', @mer2, 'enableGroups', 'true') ON DUPLICATE KEY UPDATE value='true';
-- INSERT INTO application_config VALUES(302, 'en', @mer2, 'enablePrograms', 'true') ON DUPLICATE KEY UPDATE value='true';
-- INSERT INTO application_config VALUES(302, 'en', @mer2, 'enableCommandTest', 'true') ON DUPLICATE KEY UPDATE value='true';
-- INSERT INTO application_config VALUES(302, 'en', @mer2, 'enableSupportManager', 'true') ON DUPLICATE KEY UPDATE value='true';

-- Application Locale
INSERT INTO application_locale VALUES  ('302','en','AccountSearchView','searchResultsTitle','Search Results') ON DUPLICATE KEY UPDATE value='Search Results';
INSERT INTO application_locale VALUES  ('302','en','AccountSearchView','searchTitle','Search') ON DUPLICATE KEY UPDATE value='Search';
INSERT INTO application_locale VALUES  ('302','en','Alert','invalidCredentialsMsg','Your user name and/or password was invalid. Please correct your credentials and try again.') ON DUPLICATE KEY UPDATE value='Your user name and/or password was invalid. Please correct your credentials and try again.';
INSERT INTO application_locale VALUES  ('302','en','Alert','invalidCredentialsTitle','Invalid Credentials') ON DUPLICATE KEY UPDATE value='Invalid Credentials';
INSERT INTO application_locale VALUES  ('302','en','Application','acctCreateTitle','Account Create') ON DUPLICATE KEY UPDATE value='Account Create';
INSERT INTO application_locale VALUES  ('302','en','Application','acctSearchTitle','Account Search') ON DUPLICATE KEY UPDATE value='Account Search';
INSERT INTO application_locale VALUES  ('302','en','Application','acctUpdateTitle','Account Update') ON DUPLICATE KEY UPDATE value='Account Update';
INSERT INTO application_locale VALUES  ('302','en','Application','activeAgainMsg','You were about to be logged out due to inactivity. Please be sure to log out when being away for extended periods.') ON DUPLICATE KEY UPDATE value='You were about to be logged out due to inactivity. Please be sure to log out when being away for extended periods.';
INSERT INTO application_locale VALUES  ('302','en','Application','activeAgainMsgTitle','Welcome Back') ON DUPLICATE KEY UPDATE value='Welcome Back';
INSERT INTO application_locale VALUES  ('302','en','Application','buildLabel','build') ON DUPLICATE KEY UPDATE value='build';
INSERT INTO application_locale VALUES  ('302','en','Application','confirmationTitle','Confirmation') ON DUPLICATE KEY UPDATE value='Confirmation';
INSERT INTO application_locale VALUES  ('302','en','Application','createParticipantTitle','Create Participant') ON DUPLICATE KEY UPDATE value='Create Participant';
INSERT INTO application_locale VALUES  ('302','en','Application','groupCreateTitle','Group Create') ON DUPLICATE KEY UPDATE value='Group Create';
INSERT INTO application_locale VALUES  ('302','en','Application','groupSearchTitle','Group Search') ON DUPLICATE KEY UPDATE value='Group Search';
INSERT INTO application_locale VALUES  ('302','en','Application','groupUpdateTitle','Group Update') ON DUPLICATE KEY UPDATE value='Group Update';
INSERT INTO application_locale VALUES  ('302','en','Application','inactivityMsg', 'The application will automatically log you out if you remain inactive. Click anywhere in the application to re-activate it.') ON DUPLICATE KEY UPDATE value='The application will automatically log you out if you remain inactive. Click anywhere in the application to re-activate it.'; 
INSERT INTO application_locale VALUES  ('302','en','Application','inactivityMsgTitle','Inactivity Detected') ON DUPLICATE KEY UPDATE value='Inactivity Detected';
INSERT INTO application_locale VALUES  ('302','en','Application','lockedOutMsg', 'For security reasons, the application automatically logged you out due to inactivity. Click anywhere to log back in.') ON DUPLICATE KEY UPDATE value='For security reasons, the application automatically logged you out due to inactivity. Click anywhere to log back in.';
INSERT INTO application_locale VALUES  ('302','en','Application','lockedOutMsgTitle','You\'ve Been Logged Out') ON DUPLICATE KEY UPDATE value='You\'ve Been Logged Out';
INSERT INTO application_locale VALUES  ('302','en','Application','offLineMsg','The application is offline. Please check your internet connection.') ON DUPLICATE KEY UPDATE value='The application is offline. Please check your internet connection.';
INSERT INTO application_locale VALUES  ('302','en','Application','offlineMsgTitle','Application Offline') ON DUPLICATE KEY UPDATE value='Application Offline';
INSERT INTO application_locale VALUES  ('302','en','Application','posTitle','Point of Sale') ON DUPLICATE KEY UPDATE value='Point of Sale';
INSERT INTO application_locale VALUES  ('302','en','Application','programSearchTitle','Program Search') ON DUPLICATE KEY UPDATE value='Program Search';
INSERT INTO application_locale VALUES  ('302','en','Application','settlementTitle','Settlement') ON DUPLICATE KEY UPDATE value='Settlement';
INSERT INTO application_locale VALUES  ('302','en','Application','updateParticipantTitle','Update Participant') ON DUPLICATE KEY UPDATE value='Update Participant';
INSERT INTO application_locale VALUES  ('302','en','ButtonLabels','acceptedLabel','Accepted') ON DUPLICATE KEY UPDATE value='Accepted';
INSERT INTO application_locale VALUES  ('302','en','ButtonLabels','addGroupBtnLbl','Add Group') ON DUPLICATE KEY UPDATE value='Add Group';
INSERT INTO application_locale VALUES  ('302','en','ButtonLabels','addToCartBtnLabel','Add to Cart') ON DUPLICATE KEY UPDATE value='Add to Cart';
INSERT INTO application_locale VALUES  ('302','en','ButtonLabels','applyChangesBtnLabel','Apply Changes') ON DUPLICATE KEY UPDATE value='Apply Changes';
INSERT INTO application_locale VALUES  ('302','en','ButtonLabels','authorizeBtn','Authorize') ON DUPLICATE KEY UPDATE value='Authorize';
INSERT INTO application_locale VALUES  ('302','en','ButtonLabels','autoValidationOffBtn','Auto Validation Off') ON DUPLICATE KEY UPDATE value='Auto Validation Off';
INSERT INTO application_locale VALUES  ('302','en','ButtonLabels','autoValidationOnBtn','Auto Validation On') ON DUPLICATE KEY UPDATE value='Auto Validation On';
INSERT INTO application_locale VALUES  ('302','en','ButtonLabels','backBtnLabel','Back') ON DUPLICATE KEY UPDATE value='Back';
INSERT INTO application_locale VALUES  ('302','en','ButtonLabels','backToPrintBtnLbl','Back To Print Tickets') ON DUPLICATE KEY UPDATE value='Back To Print Tickets';
INSERT INTO application_locale VALUES  ('302','en','ButtonLabels','bookNowBtn','Book Now') ON DUPLICATE KEY UPDATE value='Book Now';
INSERT INTO application_locale VALUES  ('302','en','ButtonLabels','cancelBtnLabel','Cancel') ON DUPLICATE KEY UPDATE value='Cancel';
INSERT INTO application_locale VALUES  ('302','en','ButtonLabels','cancelChangesBtnLabel','Cancel Changes') ON DUPLICATE KEY UPDATE value='Cancel Changes';
INSERT INTO application_locale VALUES  ('302','en','ButtonLabels','cancelOrderBtn','Cancel Order') ON DUPLICATE KEY UPDATE value='Cancel Order';
INSERT INTO application_locale VALUES  ('302','en','ButtonLabels','cashInBtn','Cash In') ON DUPLICATE KEY UPDATE value='Cash In';
INSERT INTO application_locale VALUES  ('302','en','ButtonLabels','cashOutBtn','Cash Out') ON DUPLICATE KEY UPDATE value='Cash Out';
INSERT INTO application_locale VALUES  ('302','en','ButtonLabels','checkInBtn','Check In') ON DUPLICATE KEY UPDATE value='Check In';
INSERT INTO application_locale VALUES  ('302','en','ButtonLabels','clearBtn','Clear') ON DUPLICATE KEY UPDATE value='Clear';
INSERT INTO application_locale VALUES  ('302','en','ButtonLabels','clickToVerifyBtnLabel','Click to Verify') ON DUPLICATE KEY UPDATE value='Click to Verify';
INSERT INTO application_locale VALUES  ('302','en','ButtonLabels','closeBtnLbl','Close') ON DUPLICATE KEY UPDATE value='Close';
INSERT INTO application_locale VALUES  ('302','en','ButtonLabels','closeReservationBtn','Close Reservation') ON DUPLICATE KEY UPDATE value='Close Reservation';
INSERT INTO application_locale VALUES  ('302','en','ButtonLabels','continueBtn','Continue') ON DUPLICATE KEY UPDATE value='Continue';
INSERT INTO application_locale VALUES  ('302','en','ButtonLabels','continueBtnLabel','Continue') ON DUPLICATE KEY UPDATE value='Continue';
INSERT INTO application_locale VALUES  ('302','en','ButtonLabels','continueToCartBtn','Continue to Cart') ON DUPLICATE KEY UPDATE value='Continue to Cart';
INSERT INTO application_locale VALUES  ('302','en','ButtonLabels','createBtn','Create') ON DUPLICATE KEY UPDATE value='Create';
INSERT INTO application_locale VALUES  ('302','en','ButtonLabels','createNewParticipantBtn','Create New Participant') ON DUPLICATE KEY UPDATE value='Create New Participant';
INSERT INTO application_locale VALUES  ('302','en','ButtonLabels','deleteGroupBtnLbl','Delete Group') ON DUPLICATE KEY UPDATE value='Delete Group';
INSERT INTO application_locale VALUES  ('302','en','ButtonLabels','dontValidateBtn','Don\'t Validate') ON DUPLICATE KEY UPDATE value='Don\'t Validate';
INSERT INTO application_locale VALUES  ('302','en','ButtonLabels','goToCorpBtn','Go to Corporate') ON DUPLICATE KEY UPDATE value='Go to Corporate';
INSERT INTO application_locale VALUES  ('302','en','ButtonLabels','iAgreeBtnLabel','I AGREE') ON DUPLICATE KEY UPDATE value='I AGREE';
INSERT INTO application_locale VALUES  ('302','en','ButtonLabels','loginButtonLabel','Log In') ON DUPLICATE KEY UPDATE value='Log In';
INSERT INTO application_locale VALUES  ('302','en','ButtonLabels','logoutBtn','Log Out') ON DUPLICATE KEY UPDATE value='Log Out';
INSERT INTO application_locale VALUES  ('302','en','ButtonLabels','makeChangesBtnLabel','Make Changes') ON DUPLICATE KEY UPDATE value='Make Changes';
INSERT INTO application_locale VALUES  ('302','en','ButtonLabels','makeMeParticipantBtn','Make Me A Participant') ON DUPLICATE KEY UPDATE value='Make Me A Participant';
INSERT INTO application_locale VALUES  ('302','en','ButtonLabels','modifyReservationBtn','Modify Reservation') ON DUPLICATE KEY UPDATE value='Modify Reservation';
INSERT INTO application_locale VALUES  ('302','en','ButtonLabels','newCategoryBtn','New Category') ON DUPLICATE KEY UPDATE value='New Category';
INSERT INTO application_locale VALUES  ('302','en','ButtonLabels','nextBtnLabel','Next') ON DUPLICATE KEY UPDATE value='Next';
INSERT INTO application_locale VALUES  ('302','en','ButtonLabels','noBtnLabel','No') ON DUPLICATE KEY UPDATE value='No';
INSERT INTO application_locale VALUES  ('302','en','ButtonLabels','okBtnLabel','OK') ON DUPLICATE KEY UPDATE value='OK';
INSERT INTO application_locale VALUES  ('302','en','ButtonLabels','postPaymentBtn','Post a Payment') ON DUPLICATE KEY UPDATE value='Post a Payment';
INSERT INTO application_locale VALUES  ('302','en','ButtonLabels','printBtn','Print') ON DUPLICATE KEY UPDATE value='Print';
INSERT INTO application_locale VALUES  ('302','en','ButtonLabels','printManifestBtn','Print Manifest') ON DUPLICATE KEY UPDATE value='Print Manifest';
INSERT INTO application_locale VALUES  ('302','en','ButtonLabels','printMyTicketsNowBtnLabel','Print My Tickets Now') ON DUPLICATE KEY UPDATE value='Print My Tickets Now';
INSERT INTO application_locale VALUES  ('302','en','ButtonLabels','printReceiptBtn','Print Receipt') ON DUPLICATE KEY UPDATE value='Print Receipt';
INSERT INTO application_locale VALUES  ('302','en','ButtonLabels','printTicketsBtn','Print Tickets') ON DUPLICATE KEY UPDATE value='Print Tickets';
INSERT INTO application_locale VALUES  ('302','en','ButtonLabels','refundBtn','Refund') ON DUPLICATE KEY UPDATE value='Refund';
INSERT INTO application_locale VALUES  ('302','en','ButtonLabels','reprintReceiptBtn','Reprint Receipt') ON DUPLICATE KEY UPDATE value='Reprint Receipt';
INSERT INTO application_locale VALUES  ('302','en','ButtonLabels','reprintSelectedTicketsBtn','Reprint Selected Tickets') ON DUPLICATE KEY UPDATE value='Reprint Selected Tickets';
INSERT INTO application_locale VALUES  ('302','en','ButtonLabels','reprintTicketsBtn','Reprint Tickets') ON DUPLICATE KEY UPDATE value='Reprint Tickets';
INSERT INTO application_locale VALUES  ('302','en','ButtonLabels','retryBtn','RETRY') ON DUPLICATE KEY UPDATE value='RETRY';
INSERT INTO application_locale VALUES  ('302','en','ButtonLabels','returnBtn','Return') ON DUPLICATE KEY UPDATE value='Return';
INSERT INTO application_locale VALUES  ('302','en','ButtonLabels','saveLabel','Save') ON DUPLICATE KEY UPDATE value='Save';
INSERT INTO application_locale VALUES  ('302','en','ButtonLabels','searchBtn','Search') ON DUPLICATE KEY UPDATE value='Search';
INSERT INTO application_locale VALUES  ('302','en','ButtonLabels','trackerBtn','Tracker') ON DUPLICATE KEY UPDATE value='Tracker';
INSERT INTO application_locale VALUES  ('302','en','ButtonLabels','trackerOffBtn','Tracker Logged Off') ON DUPLICATE KEY UPDATE value='Tracker Logged Off';
INSERT INTO application_locale VALUES  ('302','en','ButtonLabels','trackerOnBtn','Tracker Logged On') ON DUPLICATE KEY UPDATE value='Tracker Logged On';
INSERT INTO application_locale VALUES  ('302','en','ButtonLabels','updateBtn','Update') ON DUPLICATE KEY UPDATE value='Update';
INSERT INTO application_locale VALUES  ('302','en','ButtonLabels','validateAllBtn','Validate All') ON DUPLICATE KEY UPDATE value='Validate All';
INSERT INTO application_locale VALUES  ('302','en','ButtonLabels','validateBtn','Validate') ON DUPLICATE KEY UPDATE value='Validate';
INSERT INTO application_locale VALUES  ('302','en','ButtonLabels','validateQtyBtn','Validate Quantity') ON DUPLICATE KEY UPDATE value='Validate Quantity';
INSERT INTO application_locale VALUES  ('302','en','ButtonLabels','validateSelectedBtn','Validate Selected') ON DUPLICATE KEY UPDATE value='Validate Selected';
INSERT INTO application_locale VALUES  ('302','en','ButtonLabels','verifyBtnLabel','Verify') ON DUPLICATE KEY UPDATE value='Verify';
INSERT INTO application_locale VALUES  ('302','en','ButtonLabels','viewCartBtn','View Cart') ON DUPLICATE KEY UPDATE value='View Cart';
INSERT INTO application_locale VALUES  ('302','en','ButtonLabels','yesBtnLabel','Yes') ON DUPLICATE KEY UPDATE value='Yes';
INSERT INTO application_locale VALUES  ('302','en','CashInOut','cashAmount','Cash Amount') ON DUPLICATE KEY UPDATE value='Cash Amount';
INSERT INTO application_locale VALUES  ('302','en','CashInOut','cashInOutTitle','Enter Amount In Register') ON DUPLICATE KEY UPDATE value='Enter Amount In Register';
INSERT INTO application_locale VALUES  ('302','en','CashInOut','cashInWarn', 'Are you sure you want to cash in?') ON DUPLICATE KEY UPDATE value='Are you sure you want to cash in?';
INSERT INTO application_locale VALUES  ('302','en','CashInOut','cashInWarnTitle', 'Cash In?') ON DUPLICATE KEY UPDATE value='Cash In?';
INSERT INTO application_locale VALUES  ('302','en','CashInOut','cashOutAsk', 'Would you also like to cash out?') ON DUPLICATE KEY UPDATE value='Would you also like to cash out?';
INSERT INTO application_locale VALUES  ('302','en','CashInOut','cashOutWarn', 'Are you sure you want to cash out?') ON DUPLICATE KEY UPDATE value= 'Are you sure you want to cash out?';
INSERT INTO application_locale VALUES  ('302','en','CashInOut','cashOutWarnTitle', 'Cash Out?') ON DUPLICATE KEY UPDATE value= 'Cash Out?';
INSERT INTO application_locale VALUES  ('302','en','CashInOut','sessionCloseError', 'Failed to close session.') ON DUPLICATE KEY UPDATE value='Failed to close session.';
INSERT INTO application_locale VALUES  ('302','en','CashInOut','sessionOpenError', 'Failed to open session.') ON DUPLICATE KEY UPDATE value='Failed to open session.';
INSERT INTO application_locale VALUES  ('302','en','Confirmation','amountDue', 'Amount due:') ON DUPLICATE KEY UPDATE value= 'Amount due:';
INSERT INTO application_locale VALUES  ('302','en','Confirmation','changeDue', 'Change due:') ON DUPLICATE KEY UPDATE value= 'Change due:';
INSERT INTO application_locale VALUES  ('302','en','Confirmation','credit','CREDIT') ON DUPLICATE KEY UPDATE value='CREDIT';
INSERT INTO application_locale VALUES  ('302','en','Confirmation','date', 'Date:') ON DUPLICATE KEY UPDATE value='Date:';
INSERT INTO application_locale VALUES  ('302','en','Confirmation','orderDetails','Order Details') ON DUPLICATE KEY UPDATE value='Order Details';
INSERT INTO application_locale VALUES  ('302','en','Confirmation','orderID','Order ID:') ON DUPLICATE KEY UPDATE value='Order ID:';
INSERT INTO application_locale VALUES  ('302','en','Confirmation','packageNameHeader','Package Name') ON DUPLICATE KEY UPDATE value='Package Name';
INSERT INTO application_locale VALUES  ('302','en','Confirmation','priceHeader','Price') ON DUPLICATE KEY UPDATE value='Price';
INSERT INTO application_locale VALUES  ('302','en','Confirmation','rateTypeHeader','Rate Type') ON DUPLICATE KEY UPDATE value='Rate Type';
INSERT INTO application_locale VALUES  ('302','en','Confirmation','refundAmount','Refund amount:') ON DUPLICATE KEY UPDATE value='Refund amount:';
INSERT INTO application_locale VALUES  ('302','en','Confirmation','refundBtn','REFUND') ON DUPLICATE KEY UPDATE value='REFUND';
INSERT INTO application_locale VALUES  ('302','en','Confirmation','refunded','REFUNDED') ON DUPLICATE KEY UPDATE value='REFUNDED';
INSERT INTO application_locale VALUES  ('302','en','Confirmation','total','Total:') ON DUPLICATE KEY UPDATE value='Total:';
INSERT INTO application_locale VALUES  ('302','en','ErrorMessages','accountDetailsFailed','Failed to retrieve account details.') ON DUPLICATE KEY UPDATE value='Failed to retrieve account details.';
INSERT INTO application_locale VALUES  ('302','en','ErrorMessages','alvaradoError200', 'Device inactive. Log out, then log back in.') ON DUPLICATE KEY UPDATE value='Device inactive. Log out, then log back in.';
INSERT INTO application_locale VALUES  ('302','en','ErrorMessages','alvaradoError201','Invalid Barcode') ON DUPLICATE KEY UPDATE value='Invalid Barcode';
INSERT INTO application_locale VALUES  ('302','en','ErrorMessages','alvaradoError203','Ticket cancelled') ON DUPLICATE KEY UPDATE value='Ticket cancelled';
INSERT INTO application_locale VALUES  ('302','en','ErrorMessages','alvaradoError250A','Ticket has exceeded max quantity.') ON DUPLICATE KEY UPDATE value='Ticket has exceeded max quantity.';
INSERT INTO application_locale VALUES  ('302','en','ErrorMessages','alvaradoError250B','Ticket is already being used.') ON DUPLICATE KEY UPDATE value='Ticket is already being used.';
INSERT INTO application_locale VALUES  ('302','en','ErrorMessages','alvaradoError251','No valid entitlements.') ON DUPLICATE KEY UPDATE value='No valid entitlements.';
INSERT INTO application_locale VALUES  ('302','en','ErrorMessages','alvaradoError252','Multiple valid entitlements.') ON DUPLICATE KEY UPDATE value='Multiple valid entitlements.';
INSERT INTO application_locale VALUES  ('302','en','ErrorMessages','alvaradoError253','Invalid access point.') ON DUPLICATE KEY UPDATE value='Invalid access point.';
INSERT INTO application_locale VALUES  ('302','en','ErrorMessages','alvaradoError265', 'Max entries, please process.') ON DUPLICATE KEY UPDATE value='Max entries, please process.';
INSERT INTO application_locale VALUES  ('302','en','ErrorMessages','alvaradoError60', 'Your session has expired. Log out, then log back in.') ON DUPLICATE KEY UPDATE value='Your session has expired. Log out, then log back in.';
INSERT INTO application_locale VALUES  ('302','en','ErrorMessages','alvaradoMessage','One or more of the tickets require a quantity to be added.') ON DUPLICATE KEY UPDATE value='One or more of the tickets require a quantity to be added.';
INSERT INTO application_locale VALUES  ('302','en','ErrorMessages','alvaradoTitle','One more step') ON DUPLICATE KEY UPDATE value='One more step';
INSERT INTO application_locale VALUES  ('302','en','ErrorMessages','ccExpired','Credit card is expired.') ON DUPLICATE KEY UPDATE value='Credit card is expired.';
INSERT INTO application_locale VALUES  ('302','en','ErrorMessages','ccNoSwipe','Merchant does not support any swiped cards.') ON DUPLICATE KEY UPDATE value='Merchant does not support any swiped cards.';
INSERT INTO application_locale VALUES  ('302','en','ErrorMessages','ccNumInvalid','Invalid credit card number.') ON DUPLICATE KEY UPDATE value='Invalid credit card number.';
INSERT INTO application_locale VALUES  ('302','en','ErrorMessages','ccUnknownType','Unable to determine credit card type.') ON DUPLICATE KEY UPDATE value='Unable to determine credit card type.';
INSERT INTO application_locale VALUES  ('302','en','ErrorMessages','ccUnsupported','Merchant does not support card type') ON DUPLICATE KEY UPDATE value='Merchant does not support card type';
INSERT INTO application_locale VALUES  ('302','en','ErrorMessages','dateRequiredMessage','Please select a date.') ON DUPLICATE KEY UPDATE value='Please select a date.';
INSERT INTO application_locale VALUES  ('302','en','ErrorMessages','dateRequiredTitle','Date Required') ON DUPLICATE KEY UPDATE value='Date Required';
INSERT INTO application_locale VALUES  ('302','en','ErrorMessages','errorCode','Error code:') ON DUPLICATE KEY UPDATE value='Error code:';
INSERT INTO application_locale VALUES  ('302','en','ErrorMessages','errorInPackage','Error in Package') ON DUPLICATE KEY UPDATE value='Error in Package';
INSERT INTO application_locale VALUES  ('302','en','ErrorMessages','errorTitle','Error') ON DUPLICATE KEY UPDATE value='Error';
INSERT INTO application_locale VALUES  ('302','en','ErrorMessages','eventFullMessage', 'The selected time has @num spots open. Please select another time or reduce your quantity.') ON DUPLICATE KEY UPDATE value='The selected time has @num spots open. Please select another time or reduce your quantity.';
INSERT INTO application_locale VALUES  ('302','en','ErrorMessages','eventFullOverride', 'Number of participants exceeds available capacity.\\nContinue booking anyway?') ON DUPLICATE KEY UPDATE value='Number of participants exceeds available capacity.\\nContinue booking anyway?';
INSERT INTO application_locale VALUES  ('302','en','ErrorMessages','eventFullTitle','Insufficient Space') ON DUPLICATE KEY UPDATE value='Insufficient Space';
INSERT INTO application_locale VALUES  ('302','en','ErrorMessages','failedCategoryList','Failed to get category list from server. Please attempt request again.') ON DUPLICATE KEY UPDATE value='Failed to get category list from server. Please attempt request again.';
INSERT INTO application_locale VALUES  ('302','en','ErrorMessages','failedParticipantRelationships','Failed to get participant relationship data from server. Please attempt request again.') ON DUPLICATE KEY UPDATE value='Failed to get participant relationship data from server. Please attempt request again.';
INSERT INTO application_locale VALUES  ('302','en','ErrorMessages','failedViewOrder','Failed ViewOrder call: ') ON DUPLICATE KEY UPDATE value='Failed ViewOrder call: ';
INSERT INTO application_locale VALUES  ('302','en','ErrorMessages','faultTitle','Fault') ON DUPLICATE KEY UPDATE value='Fault';
INSERT INTO application_locale VALUES  ('302','en','ErrorMessages','getPromoFailed','Failed to get promo packages.') ON DUPLICATE KEY UPDATE value='Failed to get promo packages.';
INSERT INTO application_locale VALUES  ('302','en','ErrorMessages','keywordsGetFailed','Failed to get keywords from the server.') ON DUPLICATE KEY UPDATE value='Failed to get keywords from the server.';
INSERT INTO application_locale VALUES  ('302','en','ErrorMessages','loginFailed','Login failed ') ON DUPLICATE KEY UPDATE value='Login failed ';
INSERT INTO application_locale VALUES  ('302','en','ErrorMessages','makeSelection','Please make a selection.') ON DUPLICATE KEY UPDATE value='Please make a selection.';
INSERT INTO application_locale VALUES  ('302','en','ErrorMessages','missingProrateCustomer','Missing prorate customer type in config.') ON DUPLICATE KEY UPDATE value='Missing prorate customer type in config.';
INSERT INTO application_locale VALUES  ('302','en','ErrorMessages','missingProratePackage','Missing prorate package ID in config.') ON DUPLICATE KEY UPDATE value='Missing prorate package ID in config.';
INSERT INTO application_locale VALUES  ('302','en','ErrorMessages','negativeBalanceCharge','Cannot charge a negative balance.') ON DUPLICATE KEY UPDATE value='Cannot charge a negative balance.';
INSERT INTO application_locale VALUES  ('302','en','ErrorMessages','noMerchantDetails','Failed to obtain merchant details from the server. App restart required. ') ON DUPLICATE KEY UPDATE value='Failed to obtain merchant details from the server. App restart required. ';
INSERT INTO application_locale VALUES  ('302','en','ErrorMessages','noOrderID','No order ID supplied.') ON DUPLICATE KEY UPDATE value='No order ID supplied.';
INSERT INTO application_locale VALUES  ('302','en','ErrorMessages','noPackageTemplates','No valid package templates found for selected merchant id.') ON DUPLICATE KEY UPDATE value='No valid package templates found for selected merchant id.';
INSERT INTO application_locale VALUES  ('302','en','ErrorMessages','packagesGetFailed','Failed to get packages from the server.') ON DUPLICATE KEY UPDATE value='Failed to get packages from the server.';
INSERT INTO application_locale VALUES  ('302','en','ErrorMessages','purchaseFailedTitle','Purchase Failed') ON DUPLICATE KEY UPDATE value='Purchase Failed';
INSERT INTO application_locale VALUES  ('302','en','ErrorMessages','purchaseFaultTitle','Purchase Fault') ON DUPLICATE KEY UPDATE value='Purchase Fault';
INSERT INTO application_locale VALUES  ('302','en','ErrorMessages','quantityRequiredMessage','A minimum of one quantity is required.') ON DUPLICATE KEY UPDATE value='A minimum of one quantity is required.';
INSERT INTO application_locale VALUES  ('302','en','ErrorMessages','quantityRequiredTitle','Quantity Required') ON DUPLICATE KEY UPDATE value='Quantity Required';
INSERT INTO application_locale VALUES  ('302','en','ErrorMessages','reasonRequired','Reason Required') ON DUPLICATE KEY UPDATE value='Reason Required';
INSERT INTO application_locale VALUES  ('302','en','ErrorMessages','refundFailedTitle','Refund Failed') ON DUPLICATE KEY UPDATE value='Refund Failed';
INSERT INTO application_locale VALUES  ('302','en','ErrorMessages','refundFaultTitle','Refund Fault') ON DUPLICATE KEY UPDATE value='Refund Fault';
INSERT INTO application_locale VALUES  ('302','en','ErrorMessages','refundWaiting','Waiting on another refund to complete.') ON DUPLICATE KEY UPDATE value='Waiting on another refund to complete.';
INSERT INTO application_locale VALUES  ('302','en','ErrorMessages','searchFailed','Search failed.') ON DUPLICATE KEY UPDATE value='Search failed.';
INSERT INTO application_locale VALUES  ('302','en','ErrorMessages','serverError','Server error:') ON DUPLICATE KEY UPDATE value='Server error:';
INSERT INTO application_locale VALUES  ('302','en','ErrorMessages','serverFault','Server fault:') ON DUPLICATE KEY UPDATE value='Server fault:';
INSERT INTO application_locale VALUES  ('302','en','ErrorMessages','serverReply','Server reply:') ON DUPLICATE KEY UPDATE value='Server reply:';
INSERT INTO application_locale VALUES  ('302','en','ErrorMessages','swipeErrorTitle','Swipe Error') ON DUPLICATE KEY UPDATE value='Swipe Error';
INSERT INTO application_locale VALUES  ('302','en','ErrorMessages','timeRequiredMessage','Please select a time.') ON DUPLICATE KEY UPDATE value='Please select a time.';
INSERT INTO application_locale VALUES  ('302','en','ErrorMessages','timeRequiredTitle','Time Required') ON DUPLICATE KEY UPDATE value='Time Required';
INSERT INTO application_locale VALUES  ('302','en','ErrorMessages','tooManySearchResults', 'Your search returned over 100 results. Consider refining your search parameters.') ON DUPLICATE KEY UPDATE value='Your search returned over 100 results. Consider refining your search parameters.';
INSERT INTO application_locale VALUES  ('302','en','ErrorMessages','trackerLoginFailed','Unable to log in.') ON DUPLICATE KEY UPDATE value='Unable to log in.';
INSERT INTO application_locale VALUES  ('302','en','ErrorMessages','trackerLoginMissingInfo', 'Missing values - please fill in all fields.') ON DUPLICATE KEY UPDATE value='Missing values - please fill in all fields.';
INSERT INTO application_locale VALUES  ('302','en','ErrorMessages','trackerNoBarcode','Please enter a barcode to validate.') ON DUPLICATE KEY UPDATE value='Please enter a barcode to validate.';
INSERT INTO application_locale VALUES  ('302','en','ErrorMessages','underpaymentWarning', 'You are attempting to check in a reservation that has a remaining balance. Please verify the information below and hit OK to continue check-in.') ON DUPLICATE KEY UPDATE value='You are attempting to check in a reservation that has a remaining balance. Please verify the information below and hit OK to continue check-in.';
INSERT INTO application_locale VALUES  ('302','en','ErrorMessages','updateCheckoutInfoFailed','Failed to update checkout info. Please try again.') ON DUPLICATE KEY UPDATE value='Failed to update checkout info. Please try again.';
INSERT INTO application_locale VALUES  ('302','en','ErrorMessages','validateAlvaradoFailed', 'Ticket @barcode did not validate validate.') ON DUPLICATE KEY UPDATE value='Ticket @barcode did not validate validate.';
INSERT INTO application_locale VALUES  ('302','en','ErrorMessages','validateCartFailed','Failed to validate cart with server.') ON DUPLICATE KEY UPDATE value='Failed to validate cart with server.';
INSERT INTO application_locale VALUES  ('302','en','ErrorMessages','validateFailed','Some tickets did not validate.') ON DUPLICATE KEY UPDATE value='Some tickets did not validate.';
INSERT INTO application_locale VALUES  ('302','en','ErrorMessages','validateFailedTitle','Validate Failed') ON DUPLICATE KEY UPDATE value='Validate Failed';
INSERT INTO application_locale VALUES  ('302','en','ErrorMessages','validateFault','Barcode validate fault.') ON DUPLICATE KEY UPDATE value='Barcode validate fault.';
INSERT INTO application_locale VALUES  ('302','en','ErrorMessages','validateFaultTitle','Validate Fault') ON DUPLICATE KEY UPDATE value='Validate Fault';
INSERT INTO application_locale VALUES  ('302','en','ErrorMessages','validateNoZero', 'Please enter a quantity greater than 0.') ON DUPLICATE KEY UPDATE value='Please enter a quantity greater than 0.';
INSERT INTO application_locale VALUES  ('302','en','ErrorMessages','validateTooMany','You have selected too many tickets. Check your max quantities.') ON DUPLICATE KEY UPDATE value='You have selected too many tickets. Check your max quantities.';
INSERT INTO application_locale VALUES  ('302','en','ErrorMessages','warningTitle','Warning') ON DUPLICATE KEY UPDATE value='Warning';
INSERT INTO application_locale VALUES  ('302','en','ErrorMessages','zeroBalanceCharge','Cannot charge a zero balance.') ON DUPLICATE KEY UPDATE value='Cannot charge a zero balance.';
INSERT INTO application_locale VALUES  ('302','en','FormErrors','doesNotMatchError','The values entered does not match.') ON DUPLICATE KEY UPDATE value='The values entered does not match.';
INSERT INTO application_locale VALUES  ('302','en','FormErrors','greaterThanMaxError','The value entered is greater than the maximum allowed.') ON DUPLICATE KEY UPDATE value='The value entered is greater than the maximum allowed.';
INSERT INTO application_locale VALUES  ('302','en','FormErrors','invalidCharError','The character entered is invalid.') ON DUPLICATE KEY UPDATE value='The character entered is invalid.';
INSERT INTO application_locale VALUES  ('302','en','FormErrors','invalidDomainError','The domain or IP address entered is invalid.') ON DUPLICATE KEY UPDATE value='The domain or IP address entered is invalid.';
INSERT INTO application_locale VALUES  ('302','en','FormErrors','invalidIPDomainError','The IP Domain entered is invalid.') ON DUPLICATE KEY UPDATE value='The IP Domain entered is invalid.';
INSERT INTO application_locale VALUES  ('302','en','FormErrors','invalidPeriodsInDomainError','There are invalid periods in the domain provided.') ON DUPLICATE KEY UPDATE value='There are invalid periods in the domain provided.';
INSERT INTO application_locale VALUES  ('302','en','FormErrors','invalidZip','Invalid Zipcode') ON DUPLICATE KEY UPDATE value='Invalid Zipcode';
INSERT INTO application_locale VALUES  ('302','en','FormErrors','lessThanMinError','The value entered is less than the minimum.') ON DUPLICATE KEY UPDATE value='The value entered is less than the minimum.';
INSERT INTO application_locale VALUES  ('302','en','FormErrors','missingAtSignError', 'The at (@) sign is missing.') ON DUPLICATE KEY UPDATE value='The at (@) sign is missing.';
INSERT INTO application_locale VALUES  ('302','en','FormErrors','missingPeriodInDomainError', 'The period (.) in the domain is missing.') ON DUPLICATE KEY UPDATE value='The period (.) in the domain is missing.';
INSERT INTO application_locale VALUES  ('302','en','FormErrors','missingUsernameError','The user name is missing.') ON DUPLICATE KEY UPDATE value='The user name is missing.';
INSERT INTO application_locale VALUES  ('302','en','FormErrors','noFutureDate','Date cannot be in the future.') ON DUPLICATE KEY UPDATE value='Date cannot be in the future.';
INSERT INTO application_locale VALUES  ('302','en','FormErrors','requiredFieldError','This field is required.') ON DUPLICATE KEY UPDATE value='This field is required.';
INSERT INTO application_locale VALUES  ('302','en','FormErrors','tooLongError','The value entered is too long.') ON DUPLICATE KEY UPDATE value='The value entered is too long.';
INSERT INTO application_locale VALUES  ('302','en','FormErrors','tooManyAtSignsError', 'There are too many at (@) signs.') ON DUPLICATE KEY UPDATE value='There are too many at (@) signs.';
INSERT INTO application_locale VALUES  ('302','en','FormErrors','tooShortError','The value entered is too short.') ON DUPLICATE KEY UPDATE value='The value entered is too short.';
INSERT INTO application_locale VALUES  ('302','en','FormErrors','wrongCAFormatError','The Canadian postal code is formatted incorrectly.') ON DUPLICATE KEY UPDATE value='The Canadian postal code is formatted incorrectly.';
INSERT INTO application_locale VALUES  ('302','en','FormErrors','wrongDayError','The day entered is invalid.') ON DUPLICATE KEY UPDATE value='The day entered is invalid.';
INSERT INTO application_locale VALUES  ('302','en','FormErrors','wrongLengthError','The length is invalid.') ON DUPLICATE KEY UPDATE value='The length is invalid.';
INSERT INTO application_locale VALUES  ('302','en','FormErrors','wrongMonthError','The month provided is invalid.') ON DUPLICATE KEY UPDATE value='The month provided is invalid.';
INSERT INTO application_locale VALUES  ('302','en','FormErrors','wrongUSFormatError','The US postal code is formatted incorrectly.') ON DUPLICATE KEY UPDATE value='The US postal code is formatted incorrectly.';
INSERT INTO application_locale VALUES  ('302','en','FormErrors','wrongYearError','The year provided is invalid.') ON DUPLICATE KEY UPDATE value='The year provided is invalid.';
INSERT INTO application_locale VALUES  ('302','en','FormLabels','accidentReleaseLabel', 'Accident Release, Finacial Responsibility and Birthday Waiver') ON DUPLICATE KEY UPDATE value='Accident Release, Finacial Responsibility and Birthday Waiver';
INSERT INTO application_locale VALUES  ('302','en','FormLabels','accidentWaiverLabel', 'Signed Accident Release, Financial Responsibility and Birthday Waiver.') ON DUPLICATE KEY UPDATE value='Signed Accident Release, Financial Responsibility and Birthday Waiver.';
INSERT INTO application_locale VALUES  ('302','en','FormLabels','additional','Additional:') ON DUPLICATE KEY UPDATE value='Additional:';
INSERT INTO application_locale VALUES  ('302','en','FormLabels','additionalGuardian','Additional Guardians') ON DUPLICATE KEY UPDATE value='Additional Guardians';
INSERT INTO application_locale VALUES  ('302','en','FormLabels','address','Address') ON DUPLICATE KEY UPDATE value='Address';
INSERT INTO application_locale VALUES  ('302','en','FormLabels','age','Age') ON DUPLICATE KEY UPDATE value='Age';
INSERT INTO application_locale VALUES  ('302','en','FormLabels','agreements','Agreements:') ON DUPLICATE KEY UPDATE value='Agreements:';
INSERT INTO application_locale VALUES  ('302','en','FormLabels','allLabel','All Listed') ON DUPLICATE KEY UPDATE value='All Listed';
INSERT INTO application_locale VALUES  ('302','en','FormLabels','aloeLabel','Aloe Vera') ON DUPLICATE KEY UPDATE value='Aloe Vera';
INSERT INTO application_locale VALUES  ('302','en','FormLabels','antibioticLabel','Antibiotic Ointment') ON DUPLICATE KEY UPDATE value='Antibiotic Ointment';
INSERT INTO application_locale VALUES  ('302','en','FormLabels','arrivalDate','Arrival Date') ON DUPLICATE KEY UPDATE value='Arrival Date';
INSERT INTO application_locale VALUES  ('302','en','FormLabels','at','at') ON DUPLICATE KEY UPDATE value='at';
INSERT INTO application_locale VALUES  ('302','en','FormLabels','authorization','Authorization') ON DUPLICATE KEY UPDATE value='Authorization';
INSERT INTO application_locale VALUES  ('302','en','FormLabels','balance', 'Balance $') ON DUPLICATE KEY UPDATE value='Balance $';
INSERT INTO application_locale VALUES  ('302','en','FormLabels','bandLabel', 'Band-Aides / Bandages') ON DUPLICATE KEY UPDATE value='Band-Aides / Bandages';
INSERT INTO application_locale VALUES  ('302','en','FormLabels','billingAddress','Billing Address') ON DUPLICATE KEY UPDATE value='Billing Address';
INSERT INTO application_locale VALUES  ('302','en','FormLabels','billingContact','Billing Contact') ON DUPLICATE KEY UPDATE value='Billing Contact';
INSERT INTO application_locale VALUES  ('302','en','FormLabels','billingLabel','Billing') ON DUPLICATE KEY UPDATE value='Billing';
INSERT INTO application_locale VALUES  ('302','en','FormLabels','canClimbLadder', 'Can the guest independently climb a ladder in and out of water?') ON DUPLICATE KEY UPDATE value='Can the guest independently climb a ladder in and out of water?';
INSERT INTO application_locale VALUES  ('302','en','FormLabels','canSwim', 'Can the guest swim without assistance?') ON DUPLICATE KEY UPDATE value='Can the guest swim without assistance?';
INSERT INTO application_locale VALUES  ('302','en','FormLabels','category','Category') ON DUPLICATE KEY UPDATE value='Category';
INSERT INTO application_locale VALUES  ('302','en','FormLabels','cell','Cell') ON DUPLICATE KEY UPDATE value='Cell';
INSERT INTO application_locale VALUES  ('302','en','FormLabels','cellPhone','Cell Phone') ON DUPLICATE KEY UPDATE value='Cell Phone';
INSERT INTO application_locale VALUES  ('302','en','FormLabels','childBirthday','Birthday Child Name') ON DUPLICATE KEY UPDATE value='Birthday Child Name';
INSERT INTO application_locale VALUES  ('302','en','FormLabels','city','City') ON DUPLICATE KEY UPDATE value='City';
INSERT INTO application_locale VALUES  ('302','en','FormLabels','contactEmail','Contact Email') ON DUPLICATE KEY UPDATE value='Contact Email';
INSERT INTO application_locale VALUES  ('302','en','FormLabels','contactFirst','Contact First') ON DUPLICATE KEY UPDATE value='Contact First';
INSERT INTO application_locale VALUES  ('302','en','FormLabels','contactLast','Contact Last') ON DUPLICATE KEY UPDATE value='Contact Last';
INSERT INTO application_locale VALUES  ('302','en','FormLabels','contactName','Contact Name') ON DUPLICATE KEY UPDATE value='Contact Name';
INSERT INTO application_locale VALUES  ('302','en','FormLabels','contactPhone','Contact Phone') ON DUPLICATE KEY UPDATE value='Contact Phone';
INSERT INTO application_locale VALUES  ('302','en','FormLabels','country','Country') ON DUPLICATE KEY UPDATE value='Country';
INSERT INTO application_locale VALUES  ('302','en','FormLabels','county','County') ON DUPLICATE KEY UPDATE value='County';
INSERT INTO application_locale VALUES  ('302','en','FormLabels','creditMax', 'Credit Max $') ON DUPLICATE KEY UPDATE value='Credit Max $';
INSERT INTO application_locale VALUES  ('302','en','FormLabels','curGradeLevel','Current Grade Level') ON DUPLICATE KEY UPDATE value='Current Grade Level';
INSERT INTO application_locale VALUES  ('302','en','FormLabels','date','Date') ON DUPLICATE KEY UPDATE value='Date';
INSERT INTO application_locale VALUES  ('302','en','FormLabels','dateFormat','MM / DD / YY') ON DUPLICATE KEY UPDATE value='MM / DD / YY';
INSERT INTO application_locale VALUES  ('302','en','FormLabels','dateSelected','Date Selected') ON DUPLICATE KEY UPDATE value='Date Selected';
INSERT INTO application_locale VALUES  ('302','en','FormLabels','dateTimeHeader','Date/Time') ON DUPLICATE KEY UPDATE value='Date/Time';
INSERT INTO application_locale VALUES  ('302','en','FormLabels','dob','Date of Birth') ON DUPLICATE KEY UPDATE value='Date of Birth';
INSERT INTO application_locale VALUES  ('302','en','FormLabels','downButtonLabel','Down') ON DUPLICATE KEY UPDATE value='Down';
INSERT INTO application_locale VALUES  ('302','en','FormLabels','email','Email') ON DUPLICATE KEY UPDATE value='Email';
INSERT INTO application_locale VALUES  ('302','en','FormLabels','emailAddress','Email Address') ON DUPLICATE KEY UPDATE value='Email Address';
INSERT INTO application_locale VALUES  ('302','en','FormLabels','emergencyContact','Emergency Contact') ON DUPLICATE KEY UPDATE value='Emergency Contact';
INSERT INTO application_locale VALUES  ('302','en','FormLabels','enterAmountPrompt','Amount') ON DUPLICATE KEY UPDATE value='Amount';
INSERT INTO application_locale VALUES  ('302','en','FormLabels','enterGradeLevel','Entering Grade Level') ON DUPLICATE KEY UPDATE value='Entering Grade Level';
INSERT INTO application_locale VALUES  ('302','en','FormLabels','enterPromoPrompt','Enter Promo Code') ON DUPLICATE KEY UPDATE value='Enter Promo Code';
INSERT INTO application_locale VALUES  ('302','en','FormLabels','extraInfo','Extra Information') ON DUPLICATE KEY UPDATE value='Extra Information';
INSERT INTO application_locale VALUES  ('302','en','FormLabels','falseLabel','False') ON DUPLICATE KEY UPDATE value='False';
INSERT INTO application_locale VALUES  ('302','en','FormLabels','fax','Fax') ON DUPLICATE KEY UPDATE value='Fax';
INSERT INTO application_locale VALUES  ('302','en','FormLabels','feeNoteLabel', 'Made aware of $25 administration fee for all cancellations and transfers.') ON DUPLICATE KEY UPDATE value='Made aware of $25 administration fee for all cancellations and transfers.';
INSERT INTO application_locale VALUES  ('302','en','FormLabels','female','Female') ON DUPLICATE KEY UPDATE value='Female';
INSERT INTO application_locale VALUES  ('302','en','FormLabels','firstName','First Name') ON DUPLICATE KEY UPDATE value='First Name';
INSERT INTO application_locale VALUES  ('302','en','FormLabels','fullName','Full Name') ON DUPLICATE KEY UPDATE value='Full Name';
INSERT INTO application_locale VALUES  ('302','en','FormLabels','gender','Gender') ON DUPLICATE KEY UPDATE value='Gender';
INSERT INTO application_locale VALUES  ('302','en','FormLabels','gradeLevel','Grade Level') ON DUPLICATE KEY UPDATE value='Grade Level';
INSERT INTO application_locale VALUES  ('302','en','FormLabels','group','Group') ON DUPLICATE KEY UPDATE value='Group';
INSERT INTO application_locale VALUES  ('302','en','FormLabels','groupID','Group ID') ON DUPLICATE KEY UPDATE value='Group ID';
INSERT INTO application_locale VALUES  ('302','en','FormLabels','groupName','Group Name') ON DUPLICATE KEY UPDATE value='Group Name';
INSERT INTO application_locale VALUES  ('302','en','FormLabels','heightFeet', 'Height (Feet)') ON DUPLICATE KEY UPDATE value='Height (Feet)';
INSERT INTO application_locale VALUES  ('302','en','FormLabels','heightInches','Height Inches') ON DUPLICATE KEY UPDATE value='Height Inches';
INSERT INTO application_locale VALUES  ('302','en','FormLabels','home','Home') ON DUPLICATE KEY UPDATE value='Home';
INSERT INTO application_locale VALUES  ('302','en','FormLabels','homeAddress','Home Address') ON DUPLICATE KEY UPDATE value='Home Address';
INSERT INTO application_locale VALUES  ('302','en','FormLabels','homePhone','Home Phone') ON DUPLICATE KEY UPDATE value='Home Phone';
INSERT INTO application_locale VALUES  ('302','en','FormLabels','hydrogenLabel','Hydrogen Peroxide') ON DUPLICATE KEY UPDATE value='Hydrogen Peroxide';
INSERT INTO application_locale VALUES  ('302','en','FormLabels','insectLabel','Insect Sting Relief') ON DUPLICATE KEY UPDATE value='Insect Sting Relief';
INSERT INTO application_locale VALUES  ('302','en','FormLabels','instructionsText','Please fill out required information below.') ON DUPLICATE KEY UPDATE value='Please fill out required information below.';
INSERT INTO application_locale VALUES  ('302','en','FormLabels','insufficientInformation','This field has insufficient information.') ON DUPLICATE KEY UPDATE value='This field has insufficient information.';
INSERT INTO application_locale VALUES  ('302','en','FormLabels','invalidPasswordMsg','The password you entered is invalid.') ON DUPLICATE KEY UPDATE value='The password you entered is invalid.';
INSERT INTO application_locale VALUES  ('302','en','FormLabels','invalidUserName','The user name you entered is invalid.') ON DUPLICATE KEY UPDATE value='The user name you entered is invalid.';
INSERT INTO application_locale VALUES  ('302','en','FormLabels','isAdoptionLabel', 'Is this adoption a gift?') ON DUPLICATE KEY UPDATE value='Is this adoption a gift?';
INSERT INTO application_locale VALUES  ('302','en','FormLabels','isEighteenLabel', 'Is sponsor 18 years of age or older?') ON DUPLICATE KEY UPDATE value='Is sponsor 18 years of age or older?';
INSERT INTO application_locale VALUES  ('302','en','FormLabels','IsopropylLabel','Isopropyl Alcohol') ON DUPLICATE KEY UPDATE value='Isopropyl Alcohol';
INSERT INTO application_locale VALUES  ('302','en','FormLabels','isYoungerThanEighteenLabel', 'If younger than 18, please enter parent�s name below.') ON DUPLICATE KEY UPDATE value='If younger than 18, please enter parent�s name below.';
INSERT INTO application_locale VALUES  ('302','en','FormLabels','lastName','Last Name') ON DUPLICATE KEY UPDATE value='Last Name';
INSERT INTO application_locale VALUES  ('302','en','FormLabels','loginButtonLabel','Login') ON DUPLICATE KEY UPDATE value='Login';
INSERT INTO application_locale VALUES  ('302','en','FormLabels','male','Male') ON DUPLICATE KEY UPDATE value='Male';
INSERT INTO application_locale VALUES  ('302','en','FormLabels','mealChoice','Meal Choice') ON DUPLICATE KEY UPDATE value='Meal Choice';
INSERT INTO application_locale VALUES  ('302','en','FormLabels','medicalLimitationsLabel', 'List any medical/physical limitations (allergies, etc.) or other concerns:') ON DUPLICATE KEY UPDATE value='List any medical/physical limitations (allergies, etc.) or other concerns:';
INSERT INTO application_locale VALUES  ('302','en','FormLabels','memberID','Member ID') ON DUPLICATE KEY UPDATE value='Member ID';
INSERT INTO application_locale VALUES  ('302','en','FormLabels','membershipExp','Membership Exp') ON DUPLICATE KEY UPDATE value='Membership Exp';
INSERT INTO application_locale VALUES  ('302','en','FormLabels','membershipID','Membership ID') ON DUPLICATE KEY UPDATE value='Membership ID';
INSERT INTO application_locale VALUES  ('302','en','FormLabels','memo','Memo') ON DUPLICATE KEY UPDATE value='Memo';
INSERT INTO application_locale VALUES  ('302','en','FormLabels','middleInitials','M') ON DUPLICATE KEY UPDATE value='M';
INSERT INTO application_locale VALUES  ('302','en','FormLabels','missingWaiverError','Please be sure to check off all waivers.') ON DUPLICATE KEY UPDATE value='Please be sure to check off all waivers.';
INSERT INTO application_locale VALUES  ('302','en','FormLabels','mobileNumberLabel','Mobile Number:') ON DUPLICATE KEY UPDATE value='Mobile Number:';
INSERT INTO application_locale VALUES  ('302','en','FormLabels','name','Name') ON DUPLICATE KEY UPDATE value='Name';
INSERT INTO application_locale VALUES  ('302','en','FormLabels','newCategoryName','New Category Name:') ON DUPLICATE KEY UPDATE value='New Category Name:';
INSERT INTO application_locale VALUES  ('302','en','FormLabels','nextButtonLabel','Next') ON DUPLICATE KEY UPDATE value='Next';
INSERT INTO application_locale VALUES  ('302','en','FormLabels','nickname','Nickname') ON DUPLICATE KEY UPDATE value='Nickname';
INSERT INTO application_locale VALUES  ('302','en','FormLabels','noGrantInjuryTreatmentOptionLabel', 'No - Please DO NOT authorize and grant permission @park_name to treat minor injuries.') ON DUPLICATE KEY UPDATE value='No - Please DO NOT authorize and grant permission @park_name to treat minor injuries.';
INSERT INTO application_locale VALUES  ('302','en','FormLabels','noGrantPhotoPermission', 'No - Please DO NOT grant permission ') ON DUPLICATE KEY UPDATE value='No - Please DO NOT grant permission ';
INSERT INTO application_locale VALUES  ('302','en','FormLabels','noInjuryApplicationError', 'Please select Yes or No and if Yes, please select all applicatble minor injury options.') ON DUPLICATE KEY UPDATE value='Please select Yes or No and if Yes, please select all applicatble minor injury options.';
INSERT INTO application_locale VALUES  ('302','en','FormLabels','noLabel','No') ON DUPLICATE KEY UPDATE value='No';
INSERT INTO application_locale VALUES  ('302','en','FormLabels','notes','Notes') ON DUPLICATE KEY UPDATE value='Notes';
INSERT INTO application_locale VALUES  ('302','en','FormLabels','numAdultsLabel','Estimated Number of Adults:') ON DUPLICATE KEY UPDATE value='Estimated Number of Adults:';
INSERT INTO application_locale VALUES  ('302','en','FormLabels','numChildrenLabel','Estimated Number of Children:') ON DUPLICATE KEY UPDATE value='Estimated Number of Children:';
INSERT INTO application_locale VALUES  ('302','en','FormLabels','optIn','Opt In') ON DUPLICATE KEY UPDATE value='Opt In';
INSERT INTO application_locale VALUES  ('302','en','FormLabels','orderHeader', 'Order #') ON DUPLICATE KEY UPDATE value='Order #';
INSERT INTO application_locale VALUES  ('302','en','FormLabels','orderHistory','Order History') ON DUPLICATE KEY UPDATE value='Order History';
INSERT INTO application_locale VALUES  ('302','en','FormLabels','orderResHistory','Order/Reservation History') ON DUPLICATE KEY UPDATE value='Order/Reservation History';
INSERT INTO application_locale VALUES  ('302','en','FormLabels','organization','Organization') ON DUPLICATE KEY UPDATE value='Organization';
INSERT INTO application_locale VALUES  ('302','en','FormLabels','orgName','Org Name') ON DUPLICATE KEY UPDATE value='Org Name';
INSERT INTO application_locale VALUES  ('302','en','FormLabels','paidHeader','Paid') ON DUPLICATE KEY UPDATE value='Paid';
INSERT INTO application_locale VALUES  ('302','en','FormLabels','parentGuardian','Parent or Guardian') ON DUPLICATE KEY UPDATE value='Parent or Guardian';
INSERT INTO application_locale VALUES  ('302','en','FormLabels','parentsFirstNameLabel','Parent\'s First Name') ON DUPLICATE KEY UPDATE value='Parent\'s First Name';
INSERT INTO application_locale VALUES  ('302','en','FormLabels','parentsLastNameLabel','Parent\'s Last Name') ON DUPLICATE KEY UPDATE value='Parent\'s Last Name';
INSERT INTO application_locale VALUES  ('302','en','FormLabels','participantHeader','Participant') ON DUPLICATE KEY UPDATE value='Participant';
INSERT INTO application_locale VALUES  ('302','en','FormLabels','participantsHeader', '# Parts') ON DUPLICATE KEY UPDATE value='# Parts';
INSERT INTO application_locale VALUES  ('302','en','FormLabels','passwordLabel','Password:') ON DUPLICATE KEY UPDATE value='Password:';
INSERT INTO application_locale VALUES  ('302','en','FormLabels','phone','Phone') ON DUPLICATE KEY UPDATE value='Phone';
INSERT INTO application_locale VALUES  ('302','en','FormLabels','photographReleaseLabel', 'Photograph Release Waiver (Please Select One)') ON DUPLICATE KEY UPDATE value='Photograph Release Waiver (Please Select One)';
INSERT INTO application_locale VALUES  ('302','en','FormLabels','postalCode','Postal Code') ON DUPLICATE KEY UPDATE value='Postal Code';
INSERT INTO application_locale VALUES  ('302','en','FormLabels','prevButtonLabel','Previous') ON DUPLICATE KEY UPDATE value='Previous';
INSERT INTO application_locale VALUES  ('302','en','FormLabels','primaryContact','Primary Contact') ON DUPLICATE KEY UPDATE value='Primary Contact';
INSERT INTO application_locale VALUES  ('302','en','FormLabels','primaryLabel','Primary') ON DUPLICATE KEY UPDATE value='Primary';
INSERT INTO application_locale VALUES  ('302','en','FormLabels','reason','Reason') ON DUPLICATE KEY UPDATE value='Reason';
INSERT INTO application_locale VALUES  ('302','en','FormLabels','refundOrder','Refund Order') ON DUPLICATE KEY UPDATE value='Refund Order';
INSERT INTO application_locale VALUES  ('302','en','FormLabels','requiredError','This field is required.') ON DUPLICATE KEY UPDATE value='This field is required.';
INSERT INTO application_locale VALUES  ('302','en','FormLabels','reservationID','Reservation ID') ON DUPLICATE KEY UPDATE value='Reservation ID';
INSERT INTO application_locale VALUES  ('302','en','FormLabels','resortName','Resort Name') ON DUPLICATE KEY UPDATE value='Resort Name';
INSERT INTO application_locale VALUES  ('302','en','FormLabels','resortNumberLabel','Resort Number:') ON DUPLICATE KEY UPDATE value='Resort Number:';
INSERT INTO application_locale VALUES  ('302','en','FormLabels','roomNumber','Room Number') ON DUPLICATE KEY UPDATE value='Room Number';
INSERT INTO application_locale VALUES  ('302','en','FormLabels','schoolName','School Name') ON DUPLICATE KEY UPDATE value='School Name';
INSERT INTO application_locale VALUES  ('302','en','FormLabels','selectAnimal','Select an Animal to Adopt') ON DUPLICATE KEY UPDATE value='Select an Animal to Adopt';
INSERT INTO application_locale VALUES  ('302','en','FormLabels','selectOptionError','Please select an option.') ON DUPLICATE KEY UPDATE value='Please select an option.';
INSERT INTO application_locale VALUES  ('302','en','FormLabels','shirtSize','Shirt Size') ON DUPLICATE KEY UPDATE value='Shirt Size';
INSERT INTO application_locale VALUES  ('302','en','FormLabels','shoeSize','Shoe Size') ON DUPLICATE KEY UPDATE value='Shoe Size';
INSERT INTO application_locale VALUES  ('302','en','FormLabels','shoeSizeType','Shoe Size Type') ON DUPLICATE KEY UPDATE value='Shoe Size Type';
INSERT INTO application_locale VALUES  ('302','en','FormLabels','specialNeeds','Special Needs:') ON DUPLICATE KEY UPDATE value='Special Needs:';
INSERT INTO application_locale VALUES  ('302','en','FormLabels','specialNeedsNote', 'If not checking any of the above agreements, please list any special accomodations the guest may require.') ON DUPLICATE KEY UPDATE value='If not checking any of the above agreements, please list any special accomodations the guest may require.';
INSERT INTO application_locale VALUES  ('302','en','FormLabels','state','State') ON DUPLICATE KEY UPDATE value='State';
INSERT INTO application_locale VALUES  ('302','en','FormLabels','streetAddress','Street Address:') ON DUPLICATE KEY UPDATE value='Street Address:';
INSERT INTO application_locale VALUES  ('302','en','FormLabels','telephoneNumberLabel','Telephone Number:') ON DUPLICATE KEY UPDATE value='Telephone Number:';
INSERT INTO application_locale VALUES  ('302','en','FormLabels','titleLabel','Eco Tours Information') ON DUPLICATE KEY UPDATE value='Eco Tours Information';
INSERT INTO application_locale VALUES  ('302','en','FormLabels','tooShortError','This field has insufficient information.') ON DUPLICATE KEY UPDATE value='This field has insufficient information.';
INSERT INTO application_locale VALUES  ('302','en','FormLabels','totalHeader','Total') ON DUPLICATE KEY UPDATE value='Total';
INSERT INTO application_locale VALUES  ('302','en','FormLabels','trueLabel','True') ON DUPLICATE KEY UPDATE value='True';
INSERT INTO application_locale VALUES  ('302','en','FormLabels','underpaymentConfirmation','Underpayment Confirmation') ON DUPLICATE KEY UPDATE value='Underpayment Confirmation';
INSERT INTO application_locale VALUES  ('302','en','FormLabels','understandLanguage', 'Can the guest understand instruction in English?') ON DUPLICATE KEY UPDATE value='Can the guest understand instruction in English?';
INSERT INTO application_locale VALUES  ('302','en','FormLabels','upButtonLabel','Up') ON DUPLICATE KEY UPDATE value='Up';
INSERT INTO application_locale VALUES  ('302','en','FormLabels','useHomeAddress','Use Home Address for Billing') ON DUPLICATE KEY UPDATE value='Use Home Address for Billing';
INSERT INTO application_locale VALUES  ('302','en','FormLabels','userNameLabel','User Name:') ON DUPLICATE KEY UPDATE value='User Name:';
INSERT INTO application_locale VALUES  ('302','en','FormLabels','waiversHeader','Waivers') ON DUPLICATE KEY UPDATE value='Waivers';
INSERT INTO application_locale VALUES  ('302','en','FormLabels','weight', 'Weight (lbs.)') ON DUPLICATE KEY UPDATE value='Weight (lbs.)';
INSERT INTO application_locale VALUES  ('302','en','FormLabels','work','Work') ON DUPLICATE KEY UPDATE value='Work';
INSERT INTO application_locale VALUES  ('302','en','FormLabels','yesGrantInjuryTreatmentOptionLabel', 'Yes - Please authorize and grant permission @park_name to treat minor injuries.') ON DUPLICATE KEY UPDATE value='Yes - Please authorize and grant permission @park_name to treat minor injuries.';
INSERT INTO application_locale VALUES  ('302','en','FormLabels','yesGrantPhotoPermission', 'Yes - Please grant permission') ON DUPLICATE KEY UPDATE value='Yes - Please grant permission';
INSERT INTO application_locale VALUES  ('302','en','FormLabels','yesLabel','Yes') ON DUPLICATE KEY UPDATE value='Yes';
INSERT INTO application_locale VALUES  ('302','en','FormLabels','zip','Zip') ON DUPLICATE KEY UPDATE value='Zip';
INSERT INTO application_locale VALUES  ('302','en','FormLabels','zipcode','Zipcode') ON DUPLICATE KEY UPDATE value='Zipcode';
INSERT INTO application_locale VALUES  ('302','en','GroupSales','addressHeader','Address') ON DUPLICATE KEY UPDATE value='Address';
INSERT INTO application_locale VALUES  ('302','en','GroupSales','changesSaved', 'Changes Saved!') ON DUPLICATE KEY UPDATE value='Changes Saved!';
INSERT INTO application_locale VALUES  ('302','en','GroupSales','contactHeader','Contact') ON DUPLICATE KEY UPDATE value='Contact';
INSERT INTO application_locale VALUES  ('302','en','GroupSales','dateHeader', 'Date(s)') ON DUPLICATE KEY UPDATE value='Date(s)';
INSERT INTO application_locale VALUES  ('302','en','GroupSales','emailHeader','Email') ON DUPLICATE KEY UPDATE value='Email';
INSERT INTO application_locale VALUES  ('302','en','GroupSales','groupNameHeader','Group Name') ON DUPLICATE KEY UPDATE value='Group Name';
INSERT INTO application_locale VALUES  ('302','en','GroupSales','orgNameHeader','Org Name') ON DUPLICATE KEY UPDATE value='Org Name';
INSERT INTO application_locale VALUES  ('302','en','GroupSales','participantsHeader','Participants') ON DUPLICATE KEY UPDATE value='Participants';
INSERT INTO application_locale VALUES  ('302','en','GroupSales','phoneHeader','Phone') ON DUPLICATE KEY UPDATE value='Phone';
INSERT INTO application_locale VALUES  ('302','en','GroupSales','primaryNameHeader','Primary Name') ON DUPLICATE KEY UPDATE value='Primary Name';
INSERT INTO application_locale VALUES  ('302','en','GroupSales','primaryRequired','Primary Contact Required') ON DUPLICATE KEY UPDATE value='Primary Contact Required';
INSERT INTO application_locale VALUES  ('302','en','GroupSales','searchTitle','Search') ON DUPLICATE KEY UPDATE value='Search';
INSERT INTO application_locale VALUES  ('302','en','LoginPanel','buildLabel','Build') ON DUPLICATE KEY UPDATE value='Build';
INSERT INTO application_locale VALUES  ('302','en','LoginPanel','changePassword','You must change your password.') ON DUPLICATE KEY UPDATE value='You must change your password.';
INSERT INTO application_locale VALUES  ('302','en','LoginPanel','splashLogo','assets/images/expressLogo.png') ON DUPLICATE KEY UPDATE value='assets/images/expressLogo.png';
INSERT INTO application_locale VALUES  ('302','en','Months','april','April') ON DUPLICATE KEY UPDATE value='April';
INSERT INTO application_locale VALUES  ('302','en','Months','august','August') ON DUPLICATE KEY UPDATE value='August';
INSERT INTO application_locale VALUES  ('302','en','Months','december','December') ON DUPLICATE KEY UPDATE value='December';
INSERT INTO application_locale VALUES  ('302','en','Months','february','February') ON DUPLICATE KEY UPDATE value='February';
INSERT INTO application_locale VALUES  ('302','en','Months','january','January') ON DUPLICATE KEY UPDATE value='January';
INSERT INTO application_locale VALUES  ('302','en','Months','july','July') ON DUPLICATE KEY UPDATE value='July';
INSERT INTO application_locale VALUES  ('302','en','Months','june','June') ON DUPLICATE KEY UPDATE value='June';
INSERT INTO application_locale VALUES  ('302','en','Months','march','March') ON DUPLICATE KEY UPDATE value='March';
INSERT INTO application_locale VALUES  ('302','en','Months','may','May') ON DUPLICATE KEY UPDATE value='May';
INSERT INTO application_locale VALUES  ('302','en','Months','november','November') ON DUPLICATE KEY UPDATE value='November';
INSERT INTO application_locale VALUES  ('302','en','Months','october','October') ON DUPLICATE KEY UPDATE value='October';
INSERT INTO application_locale VALUES  ('302','en','Months','september','September') ON DUPLICATE KEY UPDATE value='September';
INSERT INTO application_locale VALUES  ('302','en','OrderInfo','itemNumHeader', 'Item #') ON DUPLICATE KEY UPDATE value='Item #';
INSERT INTO application_locale VALUES  ('302','en','OrderInfo','orderInfoTitle', 'Order #') ON DUPLICATE KEY UPDATE value='Order #';
INSERT INTO application_locale VALUES  ('302','en','OrderInfo','packageNameHeader','Package Name') ON DUPLICATE KEY UPDATE value='Package Name';
INSERT INTO application_locale VALUES  ('302','en','OrderInfo','participantHeader','Participant') ON DUPLICATE KEY UPDATE value='Participant';
INSERT INTO application_locale VALUES  ('302','en','OrderInfo','participantsHeader','Participants') ON DUPLICATE KEY UPDATE value='Participants';
INSERT INTO application_locale VALUES  ('302','en','OrderInfo','priceHeader','Price') ON DUPLICATE KEY UPDATE value='Price';
INSERT INTO application_locale VALUES  ('302','en','OrderInfo','programNameHeader','Program Name') ON DUPLICATE KEY UPDATE value='Program Name';
INSERT INTO application_locale VALUES  ('302','en','OrderInfo','quantityHeader','Qty') ON DUPLICATE KEY UPDATE value='Qty';
INSERT INTO application_locale VALUES  ('302','en','OrderInfo','rateTypeHeader','Rate Type') ON DUPLICATE KEY UPDATE value='Rate Type';
INSERT INTO application_locale VALUES  ('302','en','OrderInfo','refundCancelBtn','Refund / Cancel') ON DUPLICATE KEY UPDATE value='Refund / Cancel';
INSERT INTO application_locale VALUES  ('302','en','OrderInfo','refundWarning', 'This will refund the entire order. Are you sure you want to continue?') ON DUPLICATE KEY UPDATE value='This will refund the entire order. Are you sure you want to continue?';
INSERT INTO application_locale VALUES  ('302','en','OrderInfo','refundWarningTitle','Issue Refund') ON DUPLICATE KEY UPDATE value='Issue Refund';
INSERT INTO application_locale VALUES  ('302','en','OrderInfo','totalHeader','Total') ON DUPLICATE KEY UPDATE value='Total';
INSERT INTO application_locale VALUES  ('302','en','PaymentForms','acctNum','Account Number') ON DUPLICATE KEY UPDATE value='Account Number';
INSERT INTO application_locale VALUES  ('302','en','PaymentForms','acctTitle','Account') ON DUPLICATE KEY UPDATE value='Account';
INSERT INTO application_locale VALUES  ('302','en','PaymentForms','addressErr','Valid address required') ON DUPLICATE KEY UPDATE value='Valid address required';
-- Enable/Disable top menu control icons
INSERT INTO application_locale VALUES  ('302','en','PaymentForms','cardNum','Card Number') ON DUPLICATE KEY UPDATE value='Card Number';
INSERT INTO application_locale VALUES  ('302','en','PaymentForms','cashTitle','Cash') ON DUPLICATE KEY UPDATE value='Cash';
INSERT INTO application_locale VALUES  ('302','en','PaymentForms','ccTitle','Credit Card') ON DUPLICATE KEY UPDATE value='Credit Card';
INSERT INTO application_locale VALUES  ('302','en','PaymentForms','checkNum','Check Number') ON DUPLICATE KEY UPDATE value='Check Number';
INSERT INTO application_locale VALUES  ('302','en','PaymentForms','checkTitle','Check') ON DUPLICATE KEY UPDATE value='Check';
INSERT INTO application_locale VALUES  ('302','en','PaymentForms','code','Code') ON DUPLICATE KEY UPDATE value='Code';
INSERT INTO application_locale VALUES  ('302','en','PaymentForms','expiration','Expiration') ON DUPLICATE KEY UPDATE value='Expiration';
INSERT INTO application_locale VALUES  ('302','en','PaymentForms','getValueBtn','Get Value') ON DUPLICATE KEY UPDATE value='Get Value';
INSERT INTO application_locale VALUES  ('302','en','PaymentForms','giftCertTitle','Gift Certificate') ON DUPLICATE KEY UPDATE value='Gift Certificate';
INSERT INTO application_locale VALUES  ('302','en','PaymentForms','giftCode','Gift Code') ON DUPLICATE KEY UPDATE value='Gift Code';
INSERT INTO application_locale VALUES  ('302','en','PaymentForms','name','Name') ON DUPLICATE KEY UPDATE value='Name';
INSERT INTO application_locale VALUES  ('302','en','PaymentForms','nameLengthErr','Name is too short') ON DUPLICATE KEY UPDATE value='Name is too short';
INSERT INTO application_locale VALUES  ('302','en','PaymentForms','nextDollarAmount','Next Dollar Amount') ON DUPLICATE KEY UPDATE value='Next Dollar Amount';
INSERT INTO application_locale VALUES  ('302','en','PaymentForms','noOverpayErr', 'Payment amount cannot exceed the remaining balance!') ON DUPLICATE KEY UPDATE value='Payment amount cannot exceed the remaining balance!';
INSERT INTO application_locale VALUES  ('302','en','PaymentForms','notes','Notes') ON DUPLICATE KEY UPDATE value='Notes';
INSERT INTO application_locale VALUES  ('302','en','PaymentForms','orderNum','Order Number') ON DUPLICATE KEY UPDATE value='Order Number';
INSERT INTO application_locale VALUES  ('302','en','PaymentForms','org','Organization') ON DUPLICATE KEY UPDATE value='Organization';
INSERT INTO application_locale VALUES  ('302','en','PaymentForms','poTitle','Purchase Order') ON DUPLICATE KEY UPDATE value='Purchase Order';
INSERT INTO application_locale VALUES  ('302','en','PaymentForms','requiredErr','Required') ON DUPLICATE KEY UPDATE value='Required';
INSERT INTO application_locale VALUES  ('302','en','PaymentForms','streetAddress','Street Address') ON DUPLICATE KEY UPDATE value='Street Address';
INSERT INTO application_locale VALUES  ('302','en','PaymentForms','swipeRemaining','Swipe card for remaining balance') ON DUPLICATE KEY UPDATE value='Swipe card for remaining balance';
INSERT INTO application_locale VALUES  ('302','en','PaymentForms','travCheckTitle','Travelers Check') ON DUPLICATE KEY UPDATE value='Travelers Check';
INSERT INTO application_locale VALUES  ('302','en','PaymentForms','voucherCodeErr','Valid Code Required') ON DUPLICATE KEY UPDATE value='Valid Code Required';
INSERT INTO application_locale VALUES  ('302','en','PaymentForms','voucherTitle','Voucher') ON DUPLICATE KEY UPDATE value='Voucher';
INSERT INTO application_locale VALUES  ('302','en','PaymentForms','zip','Zip') ON DUPLICATE KEY UPDATE value='Zip';
INSERT INTO application_locale VALUES  ('302','en','PaymentForms','zipErr','Valid zipcode required') ON DUPLICATE KEY UPDATE value='Valid zipcode required';
INSERT INTO application_locale VALUES  ('302','en','POS','calculatorTitle','Enter Quantity') ON DUPLICATE KEY UPDATE value='Enter Quantity';
INSERT INTO application_locale VALUES  ('302','en','POS','cartTitle','Cart') ON DUPLICATE KEY UPDATE value='Cart';
INSERT INTO application_locale VALUES  ('302','en','POS','clearQuantityToolTip','Clear the quantity screen.') ON DUPLICATE KEY UPDATE value='Clear the quantity screen.';
INSERT INTO application_locale VALUES  ('302','en','POS','deleteItemToolTip','Click to delete this item.') ON DUPLICATE KEY UPDATE value='Click to delete this item.';
INSERT INTO application_locale VALUES  ('302','en','POS','enterQuantityToolTip','Click to add to cart.') ON DUPLICATE KEY UPDATE value='Click to add to cart.';
INSERT INTO application_locale VALUES  ('302','en','POS','keywordListTitle','Keywords') ON DUPLICATE KEY UPDATE value='Keywords';
INSERT INTO application_locale VALUES  ('302','en','POS','moreInfoToolTip','Click to view detail description.') ON DUPLICATE KEY UPDATE value='Click to view detail description.';
INSERT INTO application_locale VALUES  ('302','en','POS','noPackagesFoundNote','No packages found') ON DUPLICATE KEY UPDATE value='No packages found';
INSERT INTO application_locale VALUES  ('302','en','POS','packageLabel','Package:') ON DUPLICATE KEY UPDATE value='Package:';
INSERT INTO application_locale VALUES  ('302','en','POS','packageListTitle','Packages') ON DUPLICATE KEY UPDATE value='Packages';
INSERT INTO application_locale VALUES  ('302','en','POS','promoCodeInstructions','Press enter after adding each promo code.') ON DUPLICATE KEY UPDATE VALUE='Press enter after adding each promo code.';
INSERT INTO application_locale VALUES  ('302','en','POS','promoCodeLabel','Promo Codes') ON DUPLICATE KEY UPDATE value='Promo Codes';
INSERT INTO application_locale VALUES  ('302','en','POS','rateTypeLabel','Rate Type:') ON DUPLICATE KEY UPDATE value='Rate Type:';
INSERT INTO application_locale VALUES  ('302','en','POS','upsellLabel','Upsells') ON DUPLICATE KEY UPDATE value='Upsells';
INSERT INTO application_locale VALUES  ('302','en','PrintTicket','address','Address:') ON DUPLICATE KEY UPDATE value='Address:';
INSERT INTO application_locale VALUES  ('302','en','PrintTicket','agentLabel','Agent:') ON DUPLICATE KEY UPDATE value='Agent:';
INSERT INTO application_locale VALUES  ('302','en','PrintTicket','cityState','City/State:') ON DUPLICATE KEY UPDATE value='City/State:';
INSERT INTO application_locale VALUES  ('302','en','PrintTicket','confirmationLabel', 'Confirmation #:') ON DUPLICATE KEY UPDATE value='Confirmation #:';
INSERT INTO application_locale VALUES  ('302','en','PrintTicket','didYouHavePass', 'Did you have a pass in 2010? (Circle One)  YES / NO') ON DUPLICATE KEY UPDATE value='Did you have a pass in 2010? (Circle One)  YES / NO';
INSERT INTO application_locale VALUES  ('302','en','PrintTicket','emailAddress','Email Address:') ON DUPLICATE KEY UPDATE value='Email Address:';
INSERT INTO application_locale VALUES  ('302','en','PrintTicket','expiresThreeMonths','Membership Vouchers are valid from three months of purchase date.') ON DUPLICATE KEY UPDATE value='Membership Vouchers are valid from three months of purchase date.';
INSERT INTO application_locale VALUES  ('302','en','PrintTicket','firstName','First Name:') ON DUPLICATE KEY UPDATE value='First Name:';
INSERT INTO application_locale VALUES  ('302','en','PrintTicket','lastName','Last Name:') ON DUPLICATE KEY UPDATE value='Last Name:';
INSERT INTO application_locale VALUES  ('302','en','PrintTicket','noRefundsLabel', 'NO REFUNDS | NO RAINCHECKS | NOT FOR RESALE') ON DUPLICATE KEY UPDATE value='NO REFUNDS | NO RAINCHECKS | NOT FOR RESALE';
INSERT INTO application_locale VALUES  ('302','en','PrintTicket','notValidAfter30Days', 'Not Valid After 30 Days') ON DUPLICATE KEY UPDATE value='Not Valid After 30 Days';
INSERT INTO application_locale VALUES  ('302','en','PrintTicket','orderDateLabel','Order Date') ON DUPLICATE KEY UPDATE value='Order Date';
INSERT INTO application_locale VALUES  ('302','en','PrintTicket','postalCode','Zip:') ON DUPLICATE KEY UPDATE value='Zip:';
INSERT INTO application_locale VALUES  ('302','en','PrintTicket','priceLabel','Price:') ON DUPLICATE KEY UPDATE value='Price:';
INSERT INTO application_locale VALUES  ('302','en','PrintTicket','telephone','Telephone:') ON DUPLICATE KEY UPDATE value='Telephone:';
INSERT INTO application_locale VALUES  ('302','en','PrintTicket','thankYouLabel', 'Thank you, have a great time!') ON DUPLICATE KEY UPDATE value='Thank you, have a great time!';
INSERT INTO application_locale VALUES  ('302','en','PrintTicket','ticketInstructions','Please fill out information below in black ink prior to processing.') ON DUPLICATE KEY UPDATE value='Please fill out information below in black ink prior to processing.';
INSERT INTO application_locale VALUES  ('302','en','PrintTicket','ticketLabel','Ticket:') ON DUPLICATE KEY UPDATE value='Ticket:';
INSERT INTO application_locale VALUES  ('302','en','PrintTicket','typeLabel','Type:') ON DUPLICATE KEY UPDATE value='Type:';
INSERT INTO application_locale VALUES  ('302','en','PrintTicket','validForConcert','Ticket Valid for Concert Only') ON DUPLICATE KEY UPDATE value='Ticket Valid for Concert Only';
INSERT INTO application_locale VALUES  ('302','en','PrintTicket','voucherLabel','VOUCHER') ON DUPLICATE KEY UPDATE value='VOUCHER';
INSERT INTO application_locale VALUES  ('302','en','PrintTicket','voucherToSeasonPassInstructions', 'This voucher MUST be processed into a Season Pass within 21 days of purchase. Vouchers presented after this deadline will NOT be accepted.') ON DUPLICATE KEY UPDATE value='This voucher MUST be processed into a Season Pass within 21 days of purchase. Vouchers presented after this deadline will NOT be accepted.';
INSERT INTO application_locale VALUES  ('302','en','PrintTicket','yourTicketLabel','This is Your Ticket') ON DUPLICATE KEY UPDATE value='This is Your Ticket';
INSERT INTO application_locale VALUES  ('302','en','ProgramInfo','accountsLabel','Accounts') ON DUPLICATE KEY UPDATE value='Accounts';
INSERT INTO application_locale VALUES  ('302','en','ProgramInfo','authFailedMsg','Authorization Failed') ON DUPLICATE KEY UPDATE value='Authorization Failed';
INSERT INTO application_locale VALUES  ('302','en','ProgramInfo','authRequiredMsg','Authorization Required') ON DUPLICATE KEY UPDATE value='Authorization Required';
INSERT INTO application_locale VALUES  ('302','en','ProgramInfo','availableCapacity','Available / Capacity') ON DUPLICATE KEY UPDATE value='Available / Capacity';
INSERT INTO application_locale VALUES  ('302','en','ProgramInfo','createProgramTitle','Create Program') ON DUPLICATE KEY UPDATE value='Create Program';
INSERT INTO application_locale VALUES  ('302','en','ProgramInfo','customerTypeHeader','Customer Type') ON DUPLICATE KEY UPDATE value='Customer Type';
INSERT INTO application_locale VALUES  ('302','en','ProgramInfo','date','Date') ON DUPLICATE KEY UPDATE value='Date';
INSERT INTO application_locale VALUES  ('302','en','ProgramInfo','description','Description') ON DUPLICATE KEY UPDATE value='Description';
INSERT INTO application_locale VALUES  ('302','en','ProgramInfo','endDate','End Date') ON DUPLICATE KEY UPDATE value='End Date';
INSERT INTO application_locale VALUES  ('302','en','ProgramInfo','endTime','End Time') ON DUPLICATE KEY UPDATE value='End Time';
INSERT INTO application_locale VALUES  ('302','en','ProgramInfo','exclusive','Exclusive') ON DUPLICATE KEY UPDATE value='Exclusive';
INSERT INTO application_locale VALUES  ('302','en','ProgramInfo','gradeLevel','Grade Level') ON DUPLICATE KEY UPDATE value='Grade Level';
INSERT INTO application_locale VALUES  ('302','en','ProgramInfo','groupsLabel','Groups') ON DUPLICATE KEY UPDATE value='Groups';
INSERT INTO application_locale VALUES  ('302','en','ProgramInfo','keyword','Keyword') ON DUPLICATE KEY UPDATE value='Keyword';
INSERT INTO application_locale VALUES  ('302','en','ProgramInfo','location','Location') ON DUPLICATE KEY UPDATE value='Location';
INSERT INTO application_locale VALUES  ('302','en','ProgramInfo','memo','Memo') ON DUPLICATE KEY UPDATE value='Memo';
INSERT INTO application_locale VALUES  ('302','en','ProgramInfo','noBuyerMsg','Select a Group or Account to book this program.') ON DUPLICATE KEY UPDATE value='Select a Group or Account to book this program.';
INSERT INTO application_locale VALUES  ('302','en','ProgramInfo','participantHeader','Participant') ON DUPLICATE KEY UPDATE value='Participant';
INSERT INTO application_locale VALUES  ('302','en','ProgramInfo','participants','Participants') ON DUPLICATE KEY UPDATE value='Participants';
INSERT INTO application_locale VALUES  ('302','en','ProgramInfo','priceAdjustment','Price Adjustment') ON DUPLICATE KEY UPDATE value='Price Adjustment';
INSERT INTO application_locale VALUES  ('302','en','ProgramInfo','priceHeader','Price') ON DUPLICATE KEY UPDATE value='Price';
INSERT INTO application_locale VALUES  ('302','en','ProgramInfo','program','Program') ON DUPLICATE KEY UPDATE value='Program';
INSERT INTO application_locale VALUES  ('302','en','ProgramInfo','programInfoTitle','Program Information') ON DUPLICATE KEY UPDATE value='Program Information';
INSERT INTO application_locale VALUES  ('302','en','ProgramInfo','programName','Program Name') ON DUPLICATE KEY UPDATE value='Program Name';
INSERT INTO application_locale VALUES  ('302','en','ProgramInfo','programType','Program Type') ON DUPLICATE KEY UPDATE value='Program Type';
INSERT INTO application_locale VALUES  ('302','en','ProgramInfo','quantityHeader','Qty') ON DUPLICATE KEY UPDATE value='Qty';
INSERT INTO application_locale VALUES  ('302','en','ProgramInfo','rateTypeHeader','Rate Type') ON DUPLICATE KEY UPDATE value='Rate Type';
INSERT INTO application_locale VALUES  ('302','en','ProgramInfo','search','Search') ON DUPLICATE KEY UPDATE value='Search';
INSERT INTO application_locale VALUES  ('302','en','ProgramInfo','searchTodayBtn','Search Today') ON DUPLICATE KEY UPDATE value='Search Today';
INSERT INTO application_locale VALUES  ('302','en','ProgramInfo','spotsOpen', '(@number spots open)') ON DUPLICATE KEY UPDATE value='(@number spots open)';
INSERT INTO application_locale VALUES  ('302','en','ProgramInfo','startDate','Start Date') ON DUPLICATE KEY UPDATE value='Start Date';
INSERT INTO application_locale VALUES  ('302','en','ProgramInfo','startTime','Start Time') ON DUPLICATE KEY UPDATE value='Start Time';
INSERT INTO application_locale VALUES  ('302','en','ProgramInfo','time','Time') ON DUPLICATE KEY UPDATE value='Time';
INSERT INTO application_locale VALUES  ('302','en','ProgramInfo','topic','Topic') ON DUPLICATE KEY UPDATE value='Topic';
INSERT INTO application_locale VALUES  ('302','en','Relations','relation','Relation') ON DUPLICATE KEY UPDATE value='Relation';
INSERT INTO application_locale VALUES  ('302','en','Relations','to','to') ON DUPLICATE KEY UPDATE value='to';
INSERT INTO application_locale VALUES  ('302','en','ReviewOrder','amountDue','Amount Due') ON DUPLICATE KEY UPDATE value='Amount Due';
INSERT INTO application_locale VALUES  ('302','en','ReviewOrder','cartAdjustments','Cart Adjustments') ON DUPLICATE KEY UPDATE value='Cart Adjustments';
INSERT INTO application_locale VALUES  ('302','en','ReviewOrder','cartTotal','Cart Total') ON DUPLICATE KEY UPDATE value='Cart Total';
INSERT INTO application_locale VALUES  ('302','en','ReviewOrder','subTotal','Subtotal') ON DUPLICATE KEY UPDATE value='Subtotal';
INSERT INTO application_locale VALUES  ('302','en','ReviewOrder','tax','Tax') ON DUPLICATE KEY UPDATE value='Tax';
INSERT INTO application_locale VALUES  ('302','en','ReviewOrder','total','Total') ON DUPLICATE KEY UPDATE value='Total';
INSERT INTO application_locale VALUES  ('302','en','ReviewOrder','totalFees','Fees') ON DUPLICATE KEY UPDATE value='Fees';
INSERT INTO application_locale VALUES  ('302','en','ReviewOrder','validatePopupTitle','Validate Tickets') ON DUPLICATE KEY UPDATE value='Validate Tickets';
INSERT INTO application_locale VALUES  ('302','en','Settlement','additionalInfo','Additional Information Required') ON DUPLICATE KEY UPDATE value='Additional Information Required';
INSERT INTO application_locale VALUES  ('302','en','Settlement','amountToPay','Amount To Pay') ON DUPLICATE KEY UPDATE value='Amount To Pay';
INSERT INTO application_locale VALUES  ('302','en','Settlement','applyCreditBtn','Apply Credit to Account') ON DUPLICATE KEY UPDATE value='Apply Credit to Account';
INSERT INTO application_locale VALUES  ('302','en','Settlement','balance','Balance') ON DUPLICATE KEY UPDATE value='Balance';
INSERT INTO application_locale VALUES  ('302','en','Settlement','completeOrder','Complete Order') ON DUPLICATE KEY UPDATE value='Complete Order';
INSERT INTO application_locale VALUES  ('302','en','Settlement','customerDetailsTitle','Customer Details') ON DUPLICATE KEY UPDATE value='Customer Details';
INSERT INTO application_locale VALUES  ('302','en','Settlement','editOrder','Edit Order') ON DUPLICATE KEY UPDATE value='Edit Order';
INSERT INTO application_locale VALUES  ('302','en','Settlement','finalize','Finalize') ON DUPLICATE KEY UPDATE value='Finalize';
INSERT INTO application_locale VALUES  ('302','en','Settlement','finalizeCheckIn', 'Finalize Check-In') ON DUPLICATE KEY UPDATE value='Finalize Check-In';
INSERT INTO application_locale VALUES  ('302','en','Settlement','finalizeOrder','Finalize Order') ON DUPLICATE KEY UPDATE value='Finalize Order';
INSERT INTO application_locale VALUES  ('302','en','Settlement','issueRefundBtn','Issue Refund Now') ON DUPLICATE KEY UPDATE value='Issue Refund Now';
INSERT INTO application_locale VALUES  ('302','en','Settlement','makePayment','Make Payment') ON DUPLICATE KEY UPDATE value='Make Payment';
INSERT INTO application_locale VALUES  ('302','en','Settlement','makeReservation','Make Reservation') ON DUPLICATE KEY UPDATE value='Make Reservation';
INSERT INTO application_locale VALUES  ('302','en','Settlement','minDeposit','Min. Dep.') ON DUPLICATE KEY UPDATE value='Min. Dep.';
INSERT INTO application_locale VALUES  ('302','en','Settlement','negativeAmount','Payment amount cannot be negative.') ON DUPLICATE KEY UPDATE value='Payment amount cannot be negative.';
INSERT INTO application_locale VALUES  ('302','en','Settlement','noPaymentAmount','Must enter a payment amount.') ON DUPLICATE KEY UPDATE value='Must enter a payment amount.';
INSERT INTO application_locale VALUES  ('302','en','Settlement','noPayNegativeBalance','Cannot apply payment toward a negative balance.') ON DUPLICATE KEY UPDATE value='Cannot apply payment toward a negative balance.';
INSERT INTO application_locale VALUES  ('302','en','Settlement','noPayZeroBalance','Cannot apply payment toward a zero balance.') ON DUPLICATE KEY UPDATE value='Cannot apply payment toward a zero balance.';
INSERT INTO application_locale VALUES  ('302','en','Settlement','orderDetails','Order Details') ON DUPLICATE KEY UPDATE value='Order Details';
INSERT INTO application_locale VALUES  ('302','en','Settlement','overpaymentMsg','You are attempting to check in a reservation that has been overpaid.') ON DUPLICATE KEY UPDATE value='You are attempting to check in a reservation that has been overpaid.';
INSERT INTO application_locale VALUES  ('302','en','Settlement','overpaymentTitle','Overpayment Confirmation') ON DUPLICATE KEY UPDATE value='Overpayment Confirmation';
INSERT INTO application_locale VALUES  ('302','en','Settlement','payBalance','Must pay remaining balance.') ON DUPLICATE KEY UPDATE value='Must pay remaining balance.';
INSERT INTO application_locale VALUES  ('302','en','Settlement','paymentAccount','Account') ON DUPLICATE KEY UPDATE value='Account';
INSERT INTO application_locale VALUES  ('302','en','Settlement','paymentCash','Cash') ON DUPLICATE KEY UPDATE value='Cash';
INSERT INTO application_locale VALUES  ('302','en','Settlement','paymentCheck','Check') ON DUPLICATE KEY UPDATE value='Check';
INSERT INTO application_locale VALUES  ('302','en','Settlement','paymentCredit','Credit Card') ON DUPLICATE KEY UPDATE value='Credit Card';
INSERT INTO application_locale VALUES  ('302','en','Settlement','paymentGiftCert','Gift Certificate') ON DUPLICATE KEY UPDATE value='Gift Certificate';
INSERT INTO application_locale VALUES  ('302','en','Settlement','paymentOtherPrompt','Other') ON DUPLICATE KEY UPDATE value='Other';
INSERT INTO application_locale VALUES  ('302','en','Settlement','paymentPurchaseOrder','PurchaseOrder') ON DUPLICATE KEY UPDATE value='PurchaseOrder';
INSERT INTO application_locale VALUES  ('302','en','Settlement','paymentSuccessMsg', 'Your payment was successful!') ON DUPLICATE KEY UPDATE value='Your payment was successful!';
INSERT INTO application_locale VALUES  ('302','en','Settlement','paymentSuccessTitle','Payment Success') ON DUPLICATE KEY UPDATE value='Payment Success';
INSERT INTO application_locale VALUES  ('302','en','Settlement','paymentTravCheck','Travelers Check') ON DUPLICATE KEY UPDATE value='Travelers Check';
INSERT INTO application_locale VALUES  ('302','en','Settlement','paymentType','Payment Type') ON DUPLICATE KEY UPDATE value='Payment Type';
INSERT INTO application_locale VALUES  ('302','en','Settlement','paymentVoucher','Voucher') ON DUPLICATE KEY UPDATE value='Voucher';
INSERT INTO application_locale VALUES  ('302','en','Settlement','reservationNum', 'Reservation #') ON DUPLICATE KEY UPDATE value='Reservation #';
INSERT INTO application_locale VALUES  ('302','en','Settlement','swipeMsg','or swipe credit card') ON DUPLICATE KEY UPDATE value='or swipe credit card';
INSERT INTO application_locale VALUES  ('302','en','ShirtSizes','large','L') ON DUPLICATE KEY UPDATE value='L';
INSERT INTO application_locale VALUES  ('302','en','ShirtSizes','medium','M') ON DUPLICATE KEY UPDATE value='M';
INSERT INTO application_locale VALUES  ('302','en','ShirtSizes','small','S') ON DUPLICATE KEY UPDATE value='S';
INSERT INTO application_locale VALUES  ('302','en','ShirtSizes','xlarge','XL') ON DUPLICATE KEY UPDATE value='XL';
INSERT INTO application_locale VALUES  ('302','en','ShirtSizes','xsmall','XS') ON DUPLICATE KEY UPDATE value='XS';
INSERT INTO application_locale VALUES  ('302','en','ShirtSizes','xxlarge','XXL') ON DUPLICATE KEY UPDATE value='XXL';
INSERT INTO application_locale VALUES  ('302','en','ShirtSizes','xxxlarge','XXXL') ON DUPLICATE KEY UPDATE value='XXXL';
INSERT INTO application_locale VALUES  ('302','en','Tracker','accessPoint','Access Point') ON DUPLICATE KEY UPDATE value='Access Point';
INSERT INTO application_locale VALUES  ('302','en','Tracker','configMsg', 'Current User [@username] Device [@deviceID]') ON DUPLICATE KEY UPDATE value='Current User [@username] Device [@deviceID]';
INSERT INTO application_locale VALUES  ('302','en','Tracker','deviceId','Device ID') ON DUPLICATE KEY UPDATE value='Device ID';
INSERT INTO application_locale VALUES  ('302','en','Tracker','maxQty','Max Qty') ON DUPLICATE KEY UPDATE value='Max Qty';
INSERT INTO application_locale VALUES  ('302','en','Tracker','password','Password') ON DUPLICATE KEY UPDATE value='Password';
INSERT INTO application_locale VALUES  ('302','en','Tracker','trackerAlvarado','One or more of the tickets require a Quantity to be added.') ON DUPLICATE KEY UPDATE value='One or more of the tickets require a Quantity to be added.';
INSERT INTO application_locale VALUES  ('302','en','Tracker','trackerAlvaradoTitle','One More Step') ON DUPLICATE KEY UPDATE value='One More Step';
INSERT INTO application_locale VALUES  ('302','en','Tracker','trackerTitle', 'Tracker - Scan and Validate') ON DUPLICATE KEY UPDATE value='Tracker - Scan and Validate';
INSERT INTO application_locale VALUES  ('302','en','Tracker','username','Username') ON DUPLICATE KEY UPDATE value='Username';
INSERT INTO application_locale VALUES  ('302','en','XMCBaseErrors','xmcCancelWarn','One or more items are missing data. Items missing data will be removed from the cart. Select \'OK\' to exit and remove the item(s). Select \'Cancel\' to continue entering data.') ON DUPLICATE KEY UPDATE value='One or more items are missing data. Items missing data will be removed from the cart. Select \'OK\' to exit and remove the item(s). Select \'Cancel\' to continue entering data.';
INSERT INTO application_locale VALUES  ('302','en','XMCBaseErrors','xmcCancelWarnTitle','Warning') ON DUPLICATE KEY UPDATE value='Warning';
INSERT INTO application_locale VALUES  ('302','en','XMCBaseErrors','xmcMissingInfo','Missing information') ON DUPLICATE KEY UPDATE value='Missing information';
INSERT INTO application_locale VALUES  ('302','en','XMCTitleAndPrompts','authPickupPrompt','Please fill in required fields.') ON DUPLICATE KEY UPDATE value='Please fill in required fields.';
INSERT INTO application_locale VALUES  ('302','en','XMCTitleAndPrompts','authPickupTitle','Authorized Pickups') ON DUPLICATE KEY UPDATE value='Authorized Pickups';
INSERT INTO application_locale VALUES  ('302','en','XMCTitleAndPrompts','bdaywaiverBZPrompt','Please fill in required fields.') ON DUPLICATE KEY UPDATE value='Please fill in required fields.';
INSERT INTO application_locale VALUES  ('302','en','XMCTitleAndPrompts','bdaywaiverBZTitle','Birthday Waiver') ON DUPLICATE KEY UPDATE value='Birthday Waiver';
INSERT INTO application_locale VALUES  ('302','en','XMCTitleAndPrompts','bzBirthdayInfoPrompt','Please fill in required fields.') ON DUPLICATE KEY UPDATE value='Please fill in required fields.';
INSERT INTO application_locale VALUES  ('302','en','XMCTitleAndPrompts','bzBirthdayInfoTitle','Birthday Information') ON DUPLICATE KEY UPDATE value='Birthday Information';
INSERT INTO application_locale VALUES  ('302','en','XMCTitleAndPrompts','bzEcoToursPrompt','Please fill in required fields.') ON DUPLICATE KEY UPDATE value='Please fill in required fields.';
INSERT INTO application_locale VALUES  ('302','en','XMCTitleAndPrompts','bzEcoToursTitle','Eco Tours') ON DUPLICATE KEY UPDATE value='Eco Tours';
INSERT INTO application_locale VALUES  ('302','en','XMCTitleAndPrompts','collectMemberIDPrompt','Please fill in required fields.') ON DUPLICATE KEY UPDATE value='Please fill in required fields.';
INSERT INTO application_locale VALUES  ('302','en','XMCTitleAndPrompts','collectMemberIDTitle','Member ID') ON DUPLICATE KEY UPDATE value='Member ID';
INSERT INTO application_locale VALUES  ('302','en','XMCTitleAndPrompts','customerDataPrompt','Please fill in required fields.') ON DUPLICATE KEY UPDATE value='Please fill in required fields.';
INSERT INTO application_locale VALUES  ('302','en','XMCTitleAndPrompts','customerDataTitle','Customer Data') ON DUPLICATE KEY UPDATE value='Customer Data';
INSERT INTO application_locale VALUES  ('302','en','XMCTitleAndPrompts','dolphinParticipantMealPrompt','Please fill in required fields.') ON DUPLICATE KEY UPDATE value='Please fill in required fields.';
INSERT INTO application_locale VALUES  ('302','en','XMCTitleAndPrompts','dolphinParticipantMealTitle', 'Dolphin Participant - Meal') ON DUPLICATE KEY UPDATE value='Dolphin Participant - Meal';
INSERT INTO application_locale VALUES  ('302','en','XMCTitleAndPrompts','dolphinParticipantPrompt','Please fill in required fields.') ON DUPLICATE KEY UPDATE value='Please fill in required fields.';
INSERT INTO application_locale VALUES  ('302','en','XMCTitleAndPrompts','dolphinParticipantTitle','Dolphin Participant') ON DUPLICATE KEY UPDATE value='Dolphin Participant';
INSERT INTO application_locale VALUES  ('302','en','XMCTitleAndPrompts','educatorWorkshopPrompt','Please fill in required fields.') ON DUPLICATE KEY UPDATE value='Please fill in required fields.';
INSERT INTO application_locale VALUES  ('302','en','XMCTitleAndPrompts','educatorWorkshopTitle','Educator Workshop') ON DUPLICATE KEY UPDATE value='Educator Workshop';
INSERT INTO application_locale VALUES  ('302','en','XMCTitleAndPrompts','giftcodePrompt','Please fill in required fields.') ON DUPLICATE KEY UPDATE value='Please fill in required fields.';
INSERT INTO application_locale VALUES  ('302','en','XMCTitleAndPrompts','giftcodeTitle','Gift Code') ON DUPLICATE KEY UPDATE value='Gift Code';
INSERT INTO application_locale VALUES  ('302','en','XMCTitleAndPrompts','recipientAllFieldsPrompt','Please fill in required fields.') ON DUPLICATE KEY UPDATE value='Please fill in required fields.';
INSERT INTO application_locale VALUES  ('302','en','XMCTitleAndPrompts','recipientAllFieldsTitle','Recipient Information') ON DUPLICATE KEY UPDATE value='Recipient Information';
INSERT INTO application_locale VALUES  ('302','en','XMCTitleAndPrompts','recipientPrompt','Please fill in required fields.') ON DUPLICATE KEY UPDATE value='Please fill in required fields.';
INSERT INTO application_locale VALUES  ('302','en','XMCTitleAndPrompts','recipientTitle','Recipient Information') ON DUPLICATE KEY UPDATE value='Recipient Information';
INSERT INTO application_locale VALUES  ('302','en','XMCTitleAndPrompts','reciprocalPrompt','Select Zoo or Aquarium guest is from:') ON DUPLICATE KEY UPDATE value='Select Zoo or Aquarium guest is from:';
INSERT INTO application_locale VALUES  ('302','en','XMCTitleAndPrompts','reciprocalTitle','Reciprocal') ON DUPLICATE KEY UPDATE value='Reciprocal';
INSERT INTO application_locale VALUES  ('302','en','XMCTitleAndPrompts','sczCollectMemberIDPrompt','Please fill in required fields.') ON DUPLICATE KEY UPDATE value='Please fill in required fields.';
INSERT INTO application_locale VALUES  ('302','en','XMCTitleAndPrompts','sczCollectMemberIDTitle','Member ID') ON DUPLICATE KEY UPDATE value='Member ID';
INSERT INTO application_locale VALUES  ('302','en','XMCTitleAndPrompts','sczMemberIDPrompt','Please fill in required fields.') ON DUPLICATE KEY UPDATE value='Please fill in required fields.';
INSERT INTO application_locale VALUES  ('302','en','XMCTitleAndPrompts','sczMemberIDTitle','Memeber ID') ON DUPLICATE KEY UPDATE value='Memeber ID';
INSERT INTO application_locale VALUES  ('302','en','XMCTitleAndPrompts','sczZoopalPrompt','Please fill in required fields.') ON DUPLICATE KEY UPDATE value='Please fill in required fields.';
INSERT INTO application_locale VALUES  ('302','en','XMCTitleAndPrompts','sczZoopalTitle','Zoo Pal') ON DUPLICATE KEY UPDATE value='Zoo Pal';
INSERT INTO application_locale VALUES  ('302','en','XMCTitleAndPrompts','sidParticipantPrompt','Please fill in required fields.') ON DUPLICATE KEY UPDATE value='Please fill in required fields.';
INSERT INTO application_locale VALUES  ('302','en','XMCTitleAndPrompts','sidParticipantTitle','SID Participant') ON DUPLICATE KEY UPDATE value='SID Participant';
INSERT INTO application_locale VALUES  ('302','en','XMCTitleAndPrompts','tfadParticipantPrompt','Please fill in required fields.') ON DUPLICATE KEY UPDATE value='Please fill in required fields.';
INSERT INTO application_locale VALUES  ('302','en','XMCTitleAndPrompts','tfadParticipantTitle','TFAD Participant') ON DUPLICATE KEY UPDATE value='TFAD Participant';
INSERT INTO application_locale VALUES  ('302','en','XMCTitleAndPrompts','waiverBZPrompt','Please fill in required fields.') ON DUPLICATE KEY UPDATE value='Please fill in required fields.';
INSERT INTO application_locale VALUES  ('302','en','XMCTitleAndPrompts','waiverBZTitle','Waiver') ON DUPLICATE KEY UPDATE value='Waiver';
INSERT INTO application_locale VALUES  ('302','en','XMCTitleAndPrompts','waiverOtherBZPrompt','Please fill in required fields.') ON DUPLICATE KEY UPDATE value='Please fill in required fields.';
INSERT INTO application_locale VALUES  ('302','en','XMCTitleAndPrompts','waiverOtherBZTitle','Waiver') ON DUPLICATE KEY UPDATE value='Waiver';
INSERT INTO application_locale VALUES  ('302','en','XMCTitleAndPrompts','wildEncountersInfoPrompt','Please fill in required fields.') ON DUPLICATE KEY UPDATE value='Please fill in required fields.';
INSERT INTO application_locale VALUES  ('302','en','XMCTitleAndPrompts','wildEncountersInfoTitle','Wild Encounters') ON DUPLICATE KEY UPDATE value='Wild Encounters';

INSERT INTO application_locale VALUES (302, 'en', 'Alert', 'missingPackageDataErrorMessage', 'Missing package data for package ID: @pkgID' ) ON DUPLICATE KEY UPDATE value='Missing package data for package ID: @pkgID';
INSERT INTO application_locale VALUES (302, 'en', 'Alert', 'errorTitle', 'Error' ) ON DUPLICATE KEY UPDATE value='Error';
INSERT INTO application_locale VALUES (302, 'en', 'Alert', 'noDatesForPackageMessage', 'No dates were found for this package.' ) ON DUPLICATE KEY UPDATE value='No dates were found for this package.';
INSERT INTO application_locale VALUES (302, 'en', 'Alert', 'noDatesForPackageTitle', 'No Dates Found' ) ON DUPLICATE KEY UPDATE value='No Dates Found';

INSERT INTO application_locale VALUES (302, 'en', 'Alert', 'failedToUpdateCartNetworkChangeMessage', 'Failed to update cart in response to network connection status change.\nYou may need to clear the cart and start again.') ON DUPLICATE KEY UPDATE value='Failed to update cart in response to network connection status change.\nYou may need to clear the cart and start again.';

INSERT INTO application_locale VALUES (302, 'en', 'Alert', 'missingAdminFeePkgIDMessage', 'Missing admin fee package ID in config.' ) ON DUPLICATE KEY UPDATE value='Missing admin fee package ID in config.';
INSERT INTO application_locale VALUES (302, 'en', 'Alert', 'missingAdminFeeCTMessage', 'Missing admin fee customer type in config.' ) ON DUPLICATE KEY UPDATE value='Missing admin fee customer type in config.';

INSERT INTO application_locale VALUES (302, 'en', 'Alert', 'failedToLoadReservationMessage', 'Failed to load reservation.' ) ON DUPLICATE KEY UPDATE value='Failed to load reservation.';
INSERT INTO application_locale VALUES (302, 'en', 'Alert', 'failedToCancelReservationMessage', 'Failed to cancel reservation.\n') ON DUPLICATE KEY UPDATE value='Failed to cancel reservation.';
INSERT INTO application_locale VALUES (302, 'en', 'Alert', 'commandFaultMessage', 'Command fault.' ) ON DUPLICATE KEY UPDATE value='Command fault.';
INSERT INTO application_locale VALUES (302, 'en', 'Alert', 'alvaradoFaultMessage', 'Alvarado fault:' ) ON DUPLICATE KEY UPDATE value='Alvarado fault:';

INSERT INTO application_locale VALUES (302, 'en', 'Alert', 'cannotReserveTicketsOfflineMessage', 'Cannot reserve tickets while in offline mode.' ) ON DUPLICATE KEY UPDATE value='Cannot reserve tickets while in offline mode.';
INSERT INTO application_locale VALUES (302, 'en', 'Alert', 'mustPayMinBalanceMessage', 'Must pay minimum balance of @minPayment' ) ON DUPLICATE KEY UPDATE value='Must pay minimum balance of @minPayment';
INSERT INTO application_locale VALUES (302, 'en', 'Alert', 'discountWouldReduceAmtChargedMessage', 'A discount associated with this card type would reduce the amount charged on the card to zero.\nReduce other payments and try again.') ON DUPLICATE KEY UPDATE value='A discount associated with the card type would reduce the amount charged on the cart to zero.\Reduce other payments and try again.';

INSERT INTO application_locale VALUES (302, 'en', 'ViewTitles', 'supportManagerTitle', 'Support Manager' ) ON DUPLICATE KEY UPDATE value='Support Manager';
INSERT INTO application_locale VALUES (302, 'en', 'FormLabels', 'charsRemainingLbl', 'of 255 Characters Remaining') ON DUPLICATE KEY UPDATE value='of 255 Characters Remaining';

INSERT INTO application_locale VALUES (302, 'en', 'FormLabels', 'totalSeatsSelectedLbl', 'Total Seats Selected:' ) ON DUPLICATE KEY UPDATE value='Total Seats Selected:';
INSERT INTO application_locale VALUES (302, 'en', 'FormLabels', 'seatsRequestedLbl', 'Seats Requested:' ) ON DUPLICATE KEY UPDATE value='Seats Requested:';
INSERT INTO application_locale VALUES (302, 'en', 'FormLabels', 'managerHeldSeatsLbl', 'Manager Held Seats:' ) ON DUPLICATE KEY UPDATE value='Manager Held Seats:';
INSERT INTO application_locale VALUES (302, 'en', 'FormLabels', 'selectedSectionLbl', 'Selected Section:' ) ON DUPLICATE KEY UPDATE value='Selected Section:';
INSERT INTO application_locale VALUES (302, 'en', 'FormLabels', 'rowLbl', 'Row' ) ON DUPLICATE KEY UPDATE value='Row';
INSERT INTO application_locale VALUES (302, 'en', 'FormLabels', 'pleaseSelectSectionLbl', 'Please select a section from below.' ) ON DUPLICATE KEY UPDATE value='Please select a section from below.';
INSERT INTO application_locale VALUES (302, 'en', 'FormLabels', 'availableLbl', 'Available' ) ON DUPLICATE KEY UPDATE value='Available';
INSERT INTO application_locale VALUES (302, 'en', 'FormLabels', 'holdLbl', 'Hold' ) ON DUPLICATE KEY UPDATE value='Hold';
INSERT INTO application_locale VALUES (302, 'en', 'FormLabels', 'heldLbl', 'Held' ) ON DUPLICATE KEY UPDATE value='Held';
INSERT INTO application_locale VALUES (302, 'en', 'FormLabels', 'managerHoldLbl', 'Manager Hold' ) ON DUPLICATE KEY UPDATE value='Manager Hold';
INSERT INTO application_locale VALUES (302, 'en', 'FormLabels', 'soldLbl', 'Sold' ) ON DUPLICATE KEY UPDATE value='Sold';

INSERT INTO application_locale VALUES (302, 'en', 'FormLabels', 'followingSeatingArrangementReservedLbl', 'The following seating arrangement was reserved.' ) ON DUPLICATE KEY UPDATE value='The following seating arrangement was reserved.';
INSERT INTO application_locale VALUES (302, 'en', 'FormLabels', 'finishLbl', 'Finish' ) ON DUPLICATE KEY UPDATE value='Finish';
INSERT INTO application_locale VALUES (302, 'en', 'FormLabels', 'closeCapacityStatsLbl', 'Close Capacity Stats' ) ON DUPLICATE KEY UPDATE value='Close Capacity Stats';

INSERT INTO application_locale VALUES (302, 'en', 'Alert', 'failedToGetCartIDMessage', 'Failed to get new cart ID from server.\n') ON DUPLICATE KEY UPDATE value='Failed to get new cart ID from server.\n';
INSERT INTO application_locale VALUES (302, 'en', 'Alert', 'problemWithPackageDateMessage', 'There was a problem with the package date information. Please verify package is set up correctly and try again.' ) ON DUPLICATE KEY UPDATE value='There was a problem with the package date information. Please verify package is set up correctly and try again.';
INSERT INTO application_locale VALUES (302, 'en', 'Alert', 'problemWithPackageDateTitle', 'Problem With Date Information' ) ON DUPLICATE KEY UPDATE value='Problem With Date Information';
INSERT INTO application_locale VALUES (302, 'en', 'Alert', 'valueGreaterThanRemainingBalance', 'Ticket value (@value) may not be greater than the remaining balance.') ON DUPLICATE KEY UPDATE value='Ticket value (@value) may not be greater than the remaining balance.';
INSERT INTO application_locale VALUES (302, 'en', 'Alert', 'ticketHasBeenCanceledMessage', 'Ticket has been cancelled. Unable to use as payment.' ) ON DUPLICATE KEY UPDATE value='Ticket has been cancelled. Unable to use as payment.';
INSERT INTO application_locale VALUES (302, 'en', 'Alert', 'invalidAmountSetByServerMessage', 'Invalid amount set by server: @totalAmount' ) ON DUPLICATE KEY UPDATE value='Invalid amount set by server: @totalAmount';
INSERT INTO application_locale VALUES (302, 'en', 'Alert', 'noSectionsFoundMessage', 'No sections found for this event.  Please check package configuration.' ) ON DUPLICATE KEY UPDATE value='No sections found for this event.  Please check package configuration.';
INSERT INTO application_locale VALUES (302, 'en', 'Alert', 'noSectionsFoundTitle', 'Sections Not Found' ) ON DUPLICATE KEY UPDATE value='Sections Not Found';
INSERT INTO application_locale VALUES (302, 'en', 'Alert', 'problemGettingEventSeatSectionMessage', 'There was a problem getting the event seat section. Please try again.' ) ON DUPLICATE KEY UPDATE value='There was a problem getting the event seat section. Please try again.';
INSERT INTO application_locale VALUES (302, 'en', 'Alert', 'problemGettingEventSeatSectionTitle', 'Error Retrieving Sections' ) ON DUPLICATE KEY UPDATE value='Error Retrieving Sections';
INSERT INTO application_locale VALUES (302, 'en', 'Alert', 'problemSavingSeatSelectionMessage', 'There was a problem saving your seating selection. Please try again.' ) ON DUPLICATE KEY UPDATE value='There was a problem saving your seating selection. Please try again.';
INSERT INTO application_locale VALUES (302, 'en', 'Alert', 'problemSavingSeatSelectionTitle', 'Problem Saving Reservations' ) ON DUPLICATE KEY UPDATE value='Problem Saving Reservations';
INSERT INTO application_locale VALUES (302, 'en', 'Alert', 'problemGettingSeatDetailsMessage', 'There was a problem getting the event seat details. Please try again.' ) ON DUPLICATE KEY UPDATE value='There was a problem getting the event seat details. Please try again.';
INSERT INTO application_locale VALUES (302, 'en', 'Alert', 'problemGettingSeatDetailsTitle', 'Error Retrieving Section Details' ) ON DUPLICATE KEY UPDATE value='Error Retrieving Section Details';
INSERT INTO application_locale VALUES (302, 'en', 'Alert', 'problemGettingSectionDetailsMessage', 'There was a problem getting the section details. Please try again.' ) ON DUPLICATE KEY UPDATE value='There was a problem getting the section details. Please try again.';
INSERT INTO application_locale VALUES (302, 'en', 'Alert', 'problemGettingSectionDetailsTitle', 'Error Retrieving Section Details' ) ON DUPLICATE KEY UPDATE value='Error Retrieving Section Details';
INSERT INTO application_locale VALUES (302, 'en', 'Alert', 'problemReleasingSeatsMessage', 'There was a problem releasing reserved seats. Please try again.' ) ON DUPLICATE KEY UPDATE value='There was a problem releasing reserved seats. Please try again.';
INSERT INTO application_locale VALUES (302, 'en', 'Alert', 'problemReleasingReservedSeatsMessage', 'There was a problem releasing previously reserved seats. Please try again.' ) ON DUPLICATE KEY UPDATE value='There was a problem releasing previously reserved seats. Please try again.';
INSERT INTO application_locale VALUES (302, 'en', 'Alert', 'supportManagerConfigMissingTitle', 'Error Releasing Reserved Seats' ) ON DUPLICATE KEY UPDATE value='Error Releasing Reserved Seats';

INSERT INTO application_locale VALUES (302, 'en', 'Alert', 'seatReservationConfirmationMessage', 'The seats have been reserved.' ) ON DUPLICATE KEY UPDATE value='The seats have been reserved.';
INSERT INTO application_locale VALUES (302, 'en', 'Alert', 'seatReservationConfirmationTitle', 'Seat Reservation Confirmation' ) ON DUPLICATE KEY UPDATE value='Seat Reservation Confirmation';

INSERT INTO application_locale VALUES (302, 'en', 'Alert', 'problemHoldingSeatsMessage', 'There was a problem holding the seats requested. Please try again.' ) ON DUPLICATE KEY UPDATE value='There was a problem holding the seats requested. Please try again.';
INSERT INTO application_locale VALUES (302, 'en', 'Alert', 'problemHoldingSeatsTitle', 'Error Holding Seats' ) ON DUPLICATE KEY UPDATE value='Error Holding Seats';

INSERT INTO application_locale VALUES (302, 'en', 'Alert', 'problemReservingSeatsMessage', 'There was a problem reserving seats. Please try again.' ) ON DUPLICATE KEY UPDATE value='There was a problem reserving seats. Please try again.';
INSERT INTO application_locale VALUES (302, 'en', 'Alert', 'problemReservingSeatsTitle', 'Error Reserving Seats' ) ON DUPLICATE KEY UPDATE value='Error Reserving Seats';

INSERT INTO application_locale VALUES (302, 'en', 'Alert', 'cancelSeatSelectionConfirmationMessage', 'Are you sure you want to cancel the Seat selection? Your information will not be saved.') ON DUPLICATE KEY UPDATE value='Are you sure you want to cancel the seat selection? Your information will not be saved.';
INSERT INTO application_locale VALUES (302, 'en', 'Alert', 'cancelSeatSelectionConfirmationTitle', 'Cancel Selection' ) ON DUPLICATE KEY UPDATE value='Cancel Selection';

INSERT INTO application_locale VALUES (302, 'en', 'Alert', 'seatCountMismatchMessage', 'The number of seats selected does not match the quantity of seats selected. Please correct the problem and try again.' ) ON DUPLICATE KEY UPDATE value='The number of seats selected does not match the quantity of seats selected. Please correct the problem and try again.';
INSERT INTO application_locale VALUES (302, 'en', 'Alert', 'seatCountMismatchTitle', 'Quantity Error' ) ON DUPLICATE KEY UPDATE value='Quantity Error';

INSERT INTO application_locale VALUES (302, 'en', 'Alert', 'unableToLogInSupportManagerMessage', 'Unable to log in to Support Manager. Please try again.' ) ON DUPLICATE KEY UPDATE value='Unable to log in to Support Manager. Please try again.';
INSERT INTO application_locale VALUES (302, 'en', 'Alert', 'unableToLogInSupportManagerTitle', 'Unable to Log In' ) ON DUPLICATE KEY UPDATE value='Unable to Log In';

INSERT INTO application_locale VALUES (302, 'en', 'Alert', 'supportManagerConfigMissingMessage', 'Configuration for Support Manager is not available. Please be sure \'supportManagerPath\' is set.') ON DUPLICATE KEY UPDATE value='Configuration for Support Manager is not available. Please be sure \'supportManagerPath\' is set.';
INSERT INTO application_locale VALUES (302, 'en', 'Alert', 'supportManagerConfigMissingTitle', 'Configuration Error' ) ON DUPLICATE KEY UPDATE value='Configuration Error';
INSERT INTO application_locale VALUES (302, 'en', 'Alert', 'problemReleasingSeatsTitle', 'Error Releasing Seats' ) ON DUPLICATE KEY UPDATE value='Error Releasing Seats';
INSERT INTO application_locale VALUES (302, 'en', 'Alert', 'invalidDataFormatMessage', 'Invalid data format.' ) ON DUPLICATE KEY UPDATE value='Invalid data format.';

INSERT INTO application_locale VALUES (302, 'en', 'ButtonLabels', 'showCapacityStatsBtnLbl', 'Show Capacity Stats' ) ON DUPLICATE KEY UPDATE value='Show Capacity Stats';
INSERT INTO application_locale VALUES (302, 'en', 'ButtonLabels', 'changeSectionBtnLbl', 'Change Section' ) ON DUPLICATE KEY UPDATE value='Change Section';
INSERT INTO application_locale VALUES (302, 'en', 'ButtonLabels', 'releaseAllBtnLbl', 'Release All' ) ON DUPLICATE KEY UPDATE value='Release All';
INSERT INTO application_locale VALUES (302, 'en', 'ButtonLabels', 'applyManagerHoldAndCloseBtnLbl', 'Apply Manager hold and Close' ) ON DUPLICATE KEY UPDATE value='Apply Manager hold and Close';
INSERT INTO application_locale VALUES (302, 'en', 'ButtonLabels', 'addNoteBtnLbl', 'Add a Note' ) ON DUPLICATE KEY UPDATE value='Add a Note';
INSERT INTO application_locale VALUES (302, 'en', 'ButtonLabels', 'editNoteBtnLbl', 'Edit Note' ) ON DUPLICATE KEY UPDATE value='Edit Note';
INSERT INTO application_locale VALUES (302, 'en', 'ButtonLabels', 'cancelBtnLbl', 'Cancel' ) ON DUPLICATE KEY UPDATE value='Cancel';
INSERT INTO application_locale VALUES (302, 'en', 'ButtonLabels', 'saveBtnLbl', 'Save' ) ON DUPLICATE KEY UPDATE value='Save';
INSERT INTO application_locale VALUES (302, 'en', 'ButtonLabels', 'convertToReservationBtnLbl', 'Convert to Reservation' ) ON DUPLICATE KEY UPDATE value='Convert to Reservation';
INSERT INTO application_locale VALUES (302, 'en', 'ButtonLabels', 'convertToPurchaseBtnLbl', 'Convert to Purchase' ) ON DUPLICATE KEY UPDATE value='Convert to Purchase';
INSERT INTO application_locale VALUES (302, 'en', 'ButtonLabels', 'applyAmountBtnLbl', 'Apply Amount' ) ON DUPLICATE KEY UPDATE value='Apply Amount';
INSERT INTO application_locale VALUES (302, 'en', 'ButtonLabels', 'clearAmountBtnLbl', 'Clear Amount' ) ON DUPLICATE KEY UPDATE value='Clear Amount';
INSERT INTO application_locale VALUES (302, 'en', 'ButtonLabels', 'applyBalanceBtnLbl', 'Apply Balance' ) ON DUPLICATE KEY UPDATE value='Apply Balance';
INSERT INTO application_locale VALUES (302, 'en', 'ButtonLabels', 'balanceBtnLbl', 'Balance: @balance' ) ON DUPLICATE KEY UPDATE value='Balance: @balance';
INSERT INTO application_locale VALUES (302, 'en', 'ButtonLabels', 'paymentsBtnLbl', 'Payments' ) ON DUPLICATE KEY UPDATE value='Payments';
INSERT INTO application_locale VALUES (302, 'en', 'ButtonLabels', 'detailsBtnLbl', 'Customer Details' ) ON DUPLICATE KEY UPDATE value='Customer Details';
INSERT INTO application_locale VALUES (302, 'en', 'ButtonLabels', 'completeOrderBtnLbl', 'Complete Order' ) ON DUPLICATE KEY UPDATE value='Complete Order';

INSERT INTO application_locale VALUES (302, 'en', 'ParticipantFormLabels', 'boyLbl', 'Boy' ) ON DUPLICATE KEY UPDATE value='Boy';
INSERT INTO application_locale VALUES (302, 'en', 'ParticipantFormLabels', 'girlLbl', 'Girl' ) ON DUPLICATE KEY UPDATE value='Girl';
INSERT INTO application_locale VALUES (302, 'en', 'ParticipantFormLabels', 'womenLbl', 'Women' ) ON DUPLICATE KEY UPDATE value='Women';
INSERT INTO application_locale VALUES (302, 'en', 'ParticipantFormLabels', 'menLbl', 'Men' ) ON DUPLICATE KEY UPDATE value='Men';
INSERT INTO application_locale VALUES (302, 'en', 'ParticipantFormLabels', 'steakLbl', 'Steak' ) ON DUPLICATE KEY UPDATE value='Steak';
INSERT INTO application_locale VALUES (302, 'en', 'ParticipantFormLabels', 'chickenLbl', 'Chicken' ) ON DUPLICATE KEY UPDATE value='Chicken';
INSERT INTO application_locale VALUES (302, 'en', 'ParticipantFormLabels', 'vegetarianLbl', 'Vegetarian' ) ON DUPLICATE KEY UPDATE value='Vegetarian';
INSERT INTO application_locale VALUES (302, 'en', 'ParticipantFormLabels', 'smallLbl', 'Small' ) ON DUPLICATE KEY UPDATE value='Small';
INSERT INTO application_locale VALUES (302, 'en', 'ParticipantFormLabels', 'mediumLbl', 'Medium' ) ON DUPLICATE KEY UPDATE value='Medium';
INSERT INTO application_locale VALUES (302, 'en', 'ParticipantFormLabels', 'largeLbl', 'Large' ) ON DUPLICATE KEY UPDATE value='Large';
INSERT INTO application_locale VALUES (302, 'en', 'ParticipantFormLabels', 'xlLbl', 'XL' ) ON DUPLICATE KEY UPDATE value='XL';
INSERT INTO application_locale VALUES (302, 'en', 'ParticipantFormLabels', 'xxlLbl', 'XXL' ) ON DUPLICATE KEY UPDATE value='XXL';

INSERT INTO application_locale VALUES (302, 'en', 'FormLabels', 'accountDetails', 'Account Details' ) ON DUPLICATE KEY UPDATE value='Account Details';
INSERT INTO application_locale VALUES (302, 'en', 'FormLabels', 'groupDetails', 'Group Details' ) ON DUPLICATE KEY UPDATE value='Group Details';

INSERT INTO application_locale VALUES  ('302','en','Quotes','quote01','A smile is a curve that sets everything straight.-Phyllis Diller') ON DUPLICATE KEY UPDATE value='A smile is a curve that sets everything straight.-Phyllis Diller';
INSERT INTO application_locale VALUES  ('302','en','Quotes','quote02','Be kind whenever possible. It is always possible.-Dalai Lama') ON DUPLICATE KEY UPDATE value='Be kind whenever possible. It is always possible.-Dalai Lama';
INSERT INTO application_locale VALUES  ('302','en','Quotes','quote03','If you\'re going through hell, keep going.-Winston Churchill') ON DUPLICATE KEY UPDATE value='If you\'re going through hell, keep going.-Winston Churchill';
INSERT INTO application_locale VALUES  ('302','en','Quotes','quote04','Always do your best. What you plant now, you will harvest later.-Og Mandino') ON DUPLICATE KEY UPDATE value='Always do your best. What you plant now, you will harvest later.-Og Mandino';
INSERT INTO application_locale VALUES  ('302','en','Quotes','quote05','Act as if what you do makes a difference. It does.-William James') ON DUPLICATE KEY UPDATE value='Act as if what you do makes a difference. It does.-William James';
INSERT INTO application_locale VALUES  ('302','en','Quotes','quote06','If you can dream it, you can do it.-Walt Disney') ON DUPLICATE KEY UPDATE value='If you can dream it, you can do it.-Walt Disney';
INSERT INTO application_locale VALUES  ('302','en','Quotes','quote07','Even if you fall on your face, you\'re still moving forward.-Victor Kiam') ON DUPLICATE KEY UPDATE value='Even if you fall on your face, you\'re still moving forward.-Victor Kiam';
INSERT INTO application_locale VALUES  ('302','en','Quotes','quote08','You are never too old to set another goal or to dream a new dream.-C. S. Lewis') ON DUPLICATE KEY UPDATE value='You are never too old to set another goal or to dream a new dream.-C. S. Lewis';
INSERT INTO application_locale VALUES  ('302','en','Quotes','quote09','When you reach the end of your rope, tie a knot in it and hang on.-Thomas Jefferson') ON DUPLICATE KEY UPDATE value='When you reach the end of your rope, tie a knot in it and hang on.-Thomas Jefferson';
INSERT INTO application_locale VALUES  ('302','en','Quotes','quote10','Opportunity does not knock, it presents itself when you beat down the door.-Kyle Chandler') ON DUPLICATE KEY UPDATE value='Opportunity does not knock, it presents itself when you beat down the door.-Kyle Chandler';
INSERT INTO application_locale VALUES  ('302','en','Quotes','quote11','Things do not happen. Things are made to happen.-John F. Kennedy') ON DUPLICATE KEY UPDATE value='Things do not happen. Things are made to happen.-John F. Kennedy';
INSERT INTO application_locale VALUES  ('302','en','Quotes','quote12','Well done is better than well said.-Benjamin Franklin') ON DUPLICATE KEY UPDATE value='Well done is better than well said.-Benjamin Franklin';
INSERT INTO application_locale VALUES  ('302','en','Quotes','quote13','Leap, and the net will appear.-John Burroughs') ON DUPLICATE KEY UPDATE value='Leap, and the net will appear.-John Burroughs';
INSERT INTO application_locale VALUES  ('302','en','Quotes','quote14','Quality is not an act, it is a habit.-Aristotle') ON DUPLICATE KEY UPDATE value='Quality is not an act, it is a habit.-Aristotle';
INSERT INTO application_locale VALUES  ('302','en','Quotes','quote15','The secret of getting ahead is getting started.-Mark Twain') ON DUPLICATE KEY UPDATE value='The secret of getting ahead is getting started.-Mark Twain';
INSERT INTO application_locale VALUES  ('302','en','Quotes','quote16','Small deeds done are better than great deeds planned.-Peter Marshall') ON DUPLICATE KEY UPDATE value='Small deeds done are better than great deeds planned.-Peter Marshall';
INSERT INTO application_locale VALUES  ('302','en','Quotes','quote17','You can\'t wait for inspiration. You have to go after it with a club.-Jack London') ON DUPLICATE KEY UPDATE value='You can\'t wait for inspiration. You have to go after it with a club.-Jack London';
INSERT INTO application_locale VALUES  ('302','en','Quotes','quote18','Perseverance is not a long race; it is many short races one after the other.-Walter Elliot') ON DUPLICATE KEY UPDATE value='Perseverance is not a long race; it is many short races one after the other.-Walter Elliot';
INSERT INTO application_locale VALUES  ('302','en','Quotes','quote19','You can\'t build a reputation on what you are going to do.-Henry Ford') ON DUPLICATE KEY UPDATE value='You can\'t build a reputation on what you are going to do.-Henry Ford';
INSERT INTO application_locale VALUES  ('302','en','Quotes','quote20','Obstacles are those frightful things you see when you take your eyes off your goal.-Henry Ford') ON DUPLICATE KEY UPDATE value='Obstacles are those frightful things you see when you take your eyes off your goal.-Henry Ford';
INSERT INTO application_locale VALUES  ('302','en','Quotes','quote21','Knowing others is wisdom, knowing yourself is Enlightenment.-Lao Tzu') ON DUPLICATE KEY UPDATE value='Knowing others is wisdom, knowing yourself is Enlightenment.-Lao Tzu';
INSERT INTO application_locale VALUES  ('302','en','Quotes','quote22','The best way to predict the future is to invent it.-Alan Kay') ON DUPLICATE KEY UPDATE value='The best way to predict the future is to invent it.-Alan Kay';
INSERT INTO application_locale VALUES  ('302','en','Quotes','quote23','I\'ve failed over and over and over again in my life and that is why I succeed.-Michael Jordan') ON DUPLICATE KEY UPDATE value='I\'ve failed over and over and over again in my life and that is why I succeed.-Michael Jordan';
INSERT INTO application_locale VALUES  ('302','en','Quotes','quote24','Action is the foundational key to all success.-Pablo Picasso') ON DUPLICATE KEY UPDATE value='Action is the foundational key to all success.-Pablo Picasso';
INSERT INTO application_locale VALUES  ('302','en','Quotes','quote25','Try not to become a man of success, but rather try to become a man of value.-Albert Einstein') ON DUPLICATE KEY UPDATE value='Try not to become a man of success, but rather try to become a man of value.-Albert Einstein';
INSERT INTO application_locale VALUES  ('302','en','Quotes','quote26','Life is what happens while you are busy making other plans.-John Lennon') ON DUPLICATE KEY UPDATE value='Life is what happens while you are busy making other plans.-John Lennon';
INSERT INTO application_locale VALUES  ('302','en','Quotes','quote27','Life is really simple, but we insist on making it complicated.-Confucius') ON DUPLICATE KEY UPDATE value='Life is really simple, but we insist on making it complicated.-Confucius';
INSERT INTO application_locale VALUES  ('302','en','Quotes','quote28','He who has a why to live can bear almost any how.-Friedrich Nietzsche') ON DUPLICATE KEY UPDATE value='He who has a why to live can bear almost any how.-Friedrich Nietzsche';
INSERT INTO application_locale VALUES  ('302','en','Quotes','quote29','Don\'t go through life, grow through life.-Eric Butterworth') ON DUPLICATE KEY UPDATE value='Don\'t go through life, grow through life.-Eric Butterworth';
INSERT INTO application_locale VALUES  ('302','en','Quotes','quote30','It is not length of life, but depth of life.-Ralph Waldo Emerson') ON DUPLICATE KEY UPDATE value='It is not length of life, but depth of life.-Ralph Waldo Emerson';
INSERT INTO application_locale VALUES  ('302','en','Quotes','quote31','The privilege of a lifetime is being who you are.-Joseph Campbell') ON DUPLICATE KEY UPDATE value='The privilege of a lifetime is being who you are.-Joseph Campbell';
INSERT INTO application_locale VALUES  ('302','en','Quotes','quote32','The only disability in life is a bad attitude.-Scott Hamilton') ON DUPLICATE KEY UPDATE value='The only disability in life is a bad attitude.-Scott Hamilton';
INSERT INTO application_locale VALUES  ('302','en','Quotes','quote33','Life loves the liver of it.-Maya Angelou') ON DUPLICATE KEY UPDATE value='Life loves the liver of it.-Maya Angelou';
INSERT INTO application_locale VALUES  ('302','en','Quotes','quote34','Seventy percent of success in life is showing up.-Woody Allen') ON DUPLICATE KEY UPDATE value='Seventy percent of success in life is showing up.-Woody Allen';

-- user_application -- this one is good
INSERT IGNORE INTO user_application (user_id, application_id, state_id) SELECT user_id, '302', state_id FROM user_application WHERE application_id = '301';

-- user_merchant -- this one is good
INSERT IGNORE INTO user_merchant VALUES (1, @mer1);
INSERT IGNORE INTO user_merchant VALUES (5, @mer1);
INSERT IGNORE INTO user_merchant VALUES (1, @mer2);
INSERT IGNORE INTO user_merchant VALUES (5, @mer2);

-- session_totals_category_ref
INSERT IGNORE INTO session_totals_category_ref VALUES ('I', 'Initial') ON DUPLICATE KEY UPDATE description='Initial';
INSERT IGNORE INTO session_totals_category_ref VALUES ('R', 'Reported') ON DUPLICATE KEY UPDATE description='Reported';
INSERT IGNORE INTO session_totals_category_ref VALUES ('T', 'Transaction') ON DUPLICATE KEY UPDATE description='Transaction';

-- Must set the merchant_id to add additional billing types.
INSERT IGNORE INTO billing_type (billing_type_id, billing_type_desc, billing_type, card_type_code, cePay_merchant_id, auth_type, merchant_id, display_order, category_id, search_password, visible) SELECT (SELECT MAX(billing_type_id)+1 FROM billing_type), 'Reservation', 'REZD', 'NA', '0', 'REZD', @mer1, 127, 0, 'none', 1  FROM DUAL WHERE 0 = @bt1;
INSERT IGNORE INTO billing_type (billing_type_id, billing_type_desc, billing_type, card_type_code, cePay_merchant_id, auth_type, merchant_id, display_order, category_id, search_password, visible) SELECT (SELECT MAX(billing_type_id)+1 FROM billing_type), 'Issue Refund', 'IROD', 'NA', '0', 'IROD', @mer1, 127, 0, 'none', 1  FROM DUAL WHERE 0 = @bt1;
INSERT IGNORE INTO billing_type (billing_type_id, billing_type_desc, billing_type, card_type_code, cePay_merchant_id, auth_type, merchant_id, display_order, category_id, search_password, visible) SELECT (SELECT MAX(billing_type_id)+1 FROM billing_type), 'Issue Refund', 'IRUD', 'NA', '0', 'IRUD', @mer1, 127, 0, 'none', 1  FROM DUAL WHERE 0 = @bt1;
INSERT IGNORE INTO billing_type (billing_type_id, billing_type_desc, billing_type, card_type_code, cePay_merchant_id, auth_type, merchant_id, display_order, category_id, search_password, visible) SELECT (SELECT MAX(billing_type_id)+1 FROM billing_type), 'Apply Credit', 'AC', 'NA', '0', 'AC', @mer1, 127, 0, 'none', 1  FROM DUAL WHERE 0 = @bt1;
INSERT IGNORE INTO billing_type (billing_type_id, billing_type_desc, billing_type, card_type_code, cePay_merchant_id, auth_type, merchant_id, display_order, category_id, search_password, visible) SELECT (SELECT MAX(billing_type_id)+1 FROM billing_type), 'Under Payment - Balanced Owed', 'UPIC', 'NA', '0', 'UPIC', @mer1, 127, 0, 'none', 1  FROM DUAL WHERE 0 = @bt1;
INSERT IGNORE INTO billing_type (billing_type_id, billing_type_desc, billing_type, card_type_code, cePay_merchant_id, auth_type, merchant_id, display_order, category_id, search_password, visible) SELECT (SELECT MAX(billing_type_id)+1 FROM billing_type), 'Reservation', 'REZD', 'NA', '0', 'REZD', @mer2, 127, 0, 'none', 1  FROM DUAL WHERE 0 = @bt1;
INSERT IGNORE INTO billing_type (billing_type_id, billing_type_desc, billing_type, card_type_code, cePay_merchant_id, auth_type, merchant_id, display_order, category_id, search_password, visible) SELECT (SELECT MAX(billing_type_id)+1 FROM billing_type), 'Issue Refund', 'IROD', 'NA', '0', 'IROD', @mer2, 127, 0, 'none', 1  FROM DUAL WHERE 0 = @bt1;
INSERT IGNORE INTO billing_type (billing_type_id, billing_type_desc, billing_type, card_type_code, cePay_merchant_id, auth_type, merchant_id, display_order, category_id, search_password, visible) SELECT (SELECT MAX(billing_type_id)+1 FROM billing_type), 'Issue Refund', 'IRUD', 'NA', '0', 'IRUD', @mer2, 127, 0, 'none', 1  FROM DUAL WHERE 0 = @bt1;
INSERT IGNORE INTO billing_type (billing_type_id, billing_type_desc, billing_type, card_type_code, cePay_merchant_id, auth_type, merchant_id, display_order, category_id, search_password, visible) SELECT (SELECT MAX(billing_type_id)+1 FROM billing_type), 'Apply Credit', 'AC', 'NA', '0', 'AC', @mer2, 127, 0, 'none', 1  FROM DUAL WHERE 0 = @bt1;
INSERT IGNORE INTO billing_type (billing_type_id, billing_type_desc, billing_type, card_type_code, cePay_merchant_id, auth_type, merchant_id, display_order, category_id, search_password, visible) SELECT (SELECT MAX(billing_type_id)+1 FROM billing_type), 'Under Payment - Balanced Owed', 'UPIC', 'NA', '0', 'UPIC', @mer2, 127, 0, 'none', 1  FROM DUAL WHERE 0 = @bt1;

INSERT IGNORE INTO session_totals_type_ref VALUES ('CCD', 'Credit Card') ON DUPLICATE KEY UPDATE description = 'Credit Card';
INSERT IGNORE INTO session_totals_type_ref VALUES ('CCH', 'Commercial Check') ON DUPLICATE KEY UPDATE description = 'Commercial Check';
INSERT IGNORE INTO session_totals_type_ref VALUES ('CSH', 'Cash') ON DUPLICATE KEY UPDATE description = 'Cash';
INSERT IGNORE INTO session_totals_type_ref VALUES ('PCH', 'Personal Check') ON DUPLICATE KEY UPDATE description = 'Personal Check';
INSERT IGNORE INTO session_totals_type_ref VALUES ('PPD', 'Prepaid') ON DUPLICATE KEY UPDATE description = 'Prepaid';
INSERT IGNORE INTO session_totals_type_ref VALUES ('SVC', 'Saved Value Card') ON DUPLICATE KEY UPDATE description = 'Saved Value Card';
INSERT IGNORE INTO session_totals_type_ref VALUES ('VCH', 'Voucher') ON DUPLICATE KEY UPDATE description = 'Voucher';
